x,y
0,-1
1,-1
2,-1
3,-1
4,-1
5,-1
6,-1
7,-1
8,-1
9,-1
10,-1
11,-1
12,-1
13,-1
14,-1
15,-1
16,-1
17,-1
18,-1
19,-1
20,-1
21,-1
22,-1
23,-1
24,-1
25,-1
26,-1
27,-1
28,-1
29,-1
30,-1
31,-1
32,-1
33,-1
34,-1
35,-1
36,-1
37,-1
38,-1
39,-1
40,-1
41,-1
42,-1
43,-1
44,-1
45,-1
46,-1
47,-1
48,-1
49,-1
50,-1
51,-1
52,-1
53,-1
54,-1
55,-1
56,-1
57,-1
58,-1
59,-1
60,-1
61,-1
62,-1
63,-1
64,-1
65,-1
66,-1
67,-1
68,-1
69,-1
70,-1
71,-1
72,-1
73,-1
74,-1
75,-1
76,-1
77,-1
78,-1
79,-1
80,-1
81,-1
82,-1
83,-1
84,-1
85,-1
86,-1
87,-1
88,-1
89,-1
90,-1
91,-1
92,-1
93,-1
94,-1
95,-1
96,-1
97,-1
98,-1
99,-1
100,-1
101,-1
102,-1
103,-1
104,-1
105,-1
106,-1
107,-1
108,-1
109,-1
110,-1
111,-1
112,-1
113,-1
114,-1
115,-1
116,-1
117,-1
118,-1
119,-1
120,-1
121,-1
122,-1
123,-1
124,-1
125,-1
126,-1
127,-1
128,-1
129,-1
130,-1
131,-1
132,-1
133,-1
134,-1
135,-1
136,-1
137,-1
138,-1
139,-1
140,-1
141,-1
142,-1
143,-1
144,-1
145,-1
146,-1
147,-1
148,-1
149,-1
150,-1
151,-1
152,-1
153,-1
154,-1
155,-1
156,-1
157,-1
158,-1
159,-1
160,-1
161,-1
162,-1
163,-1
164,-1
165,-1
166,-1
167,-1
168,-1
169,-1
170,-1
171,-1
172,-1
173,-1
174,-1
175,-1
176,-1
177,-1
178,-1
179,-1
180,-1
181,-1
182,-1
183,-1
184,-1
185,-1
186,-1
187,-1
188,-1
189,-1
190,-1
191,-1
192,-1
193,-1
194,-1
195,-1
196,-1
197,-1
198,-1
199,-1
200,-1
201,-1
202,-1
203,-1
204,-1
205,-1
206,-1
207,-1
208,-1
209,-1
210,-1
211,-1
212,-1
213,-1
214,-1
215,-1
216,-1
217,-1
218,-1
219,-1
220,-1
221,-1
222,-1
223,-1
224,-1
225,-1
226,-1
227,-1
228,-1
229,-1
230,-1
231,-1
232,-1
233,-1
234,-1
235,-1
236,-1
237,-1
238,-1
239,-1
240,-1
241,-1
242,-1
243,-1
244,-1
245,-1
246,-1
247,-1
248,-1
249,-1
250,-1
251,-1
252,-1
253,-1
254,-1
255,-1
256,-1
257,-1
258,-1
259,-1
260,-1
261,-1
262,-1
263,-1
264,-1
265,-1
266,-1
267,-1
268,-1
269,-1
270,-1
271,-1
272,-1
273,-1
274,-1
275,-1
276,-1
277,-1
278,-1
279,-1
280,-1
281,-1
282,-1
283,-1
284,-1
285,-1
286,-1
287,-1
288,-1
289,-1
290,-1
291,-1
292,-1
293,-1
294,-1
295,-1
296,-1
297,-1
298,-1
299,-1
300,-1
301,-1
302,-1
303,-1
304,-1
305,-1
306,-1
307,-1
308,-1
309,-1
310,-1
311,-1
312,-1
313,-1
314,-1
315,-1
316,-1
317,-1
318,-1
319,-1
320,-1
321,-1
322,-1
323,-1
324,-1
325,-1
326,-1
327,-1
328,-1
329,-1
330,-1
331,-1
332,-1
333,-1
334,-1
335,-1
336,-1
337,-1
338,-1
339,-1
340,-1
341,-1
342,-1
343,-1
344,-1
345,-1
346,-1
347,-1
348,-1
349,-1
350,-1
351,-1
352,-1
353,-1
354,-1
355,-1
356,-1
357,-1
358,-1
359,-1
360,-1
361,-1
362,-1
363,-1
364,-1
365,-1
366,-1
367,-1
368,-1
369,-1
370,-1
371,-1
372,-1
373,-1
374,-1
375,-1
376,-1
377,-1
378,-1
379,-1
380,-1
381,-1
382,-1
383,-1
384,-1
385,-1
386,-1
387,-1
388,-1
389,-1
390,-1
391,-1
392,-1
393,-1
394,-1
395,-1
396,-1
397,-1
398,-1
399,-1
400,-1
401,-1
402,-1
403,-1
404,-1
405,-1
406,-1
407,-1
408,-1
409,-1
410,-1
411,-1
412,-1
413,-1
414,-1
415,-1
416,-1
417,-1
418,-1
419,-1
420,-1
421,-1
422,-1
423,-1
424,-1
425,-1
426,-1
427,-1
428,-1
429,-1
430,-1
431,-1
432,-1
433,-1
434,-1
435,-1
436,-1
437,-1
438,-1
439,-1
440,-1
441,-1
442,-1
443,-1
444,-1
445,-1
446,-1
447,-1
448,-1
449,-1
450,-1
451,-1
452,-1
453,-1
454,-1
455,-1
456,-1
457,-1
458,-1
459,-1
460,-1
461,-1
462,-1
463,-1
464,-1
465,-1
466,-1
467,-1
468,-1
469,-1
470,-1
471,-1
472,-1
473,-1
474,-1
475,-1
476,-1
477,-1
478,-1
479,-1
480,-1
481,-1
482,-1
483,-1
484,-1
485,-1
486,-1
487,-1
488,-1
489,-1
490,-1
491,-1
492,-1
493,-1
494,-1
495,-1
496,-1
497,-1
498,-1
499,-1
500,-1
501,-1
502,-1
503,-1
504,-1
505,-1
506,-1
507,-1
508,-1
509,-1
510,-1
511,-1
512,-1
513,-1
514,-1
515,-1
516,-1
517,-1
518,-1
519,-1
520,-1
521,-1
522,-1
523,-1
524,-1
525,-1
526,-1
527,-1
528,-1
529,-1
530,-1
531,-1
532,-1
533,-1
534,-1
535,-1
536,-1
537,-1
538,-1
539,-1
540,1896
541,1896
542,1896
543,1896
544,1896
545,1896
546,1896
547,1896
548,1896
549,1896
550,1896
551,1896
552,1896
553,1896
554,1896
555,1897
556,1897
557,1897
558,1897
559,1897
560,1897
561,1897
562,1897
563,1897
564,1897
565,1897
566,1897
567,1897
568,1897
569,1897
570,1897
571,1897
572,1897
573,1897
574,1897
575,1897
576,1897
577,1897
578,1897
579,1897
580,1897
581,1897
582,1897
583,1898
584,1898
585,1898
586,1898
587,1898
588,1898
589,1898
590,1898
591,1898
592,1898
593,1898
594,1898
595,1898
596,1898
597,1898
598,1898
599,1898
600,1898
601,1898
602,1898
603,1898
604,1898
605,1898
606,1898
607,1898
608,1898
609,1898
610,1898
611,1899
612,1899
613,1899
614,1899
615,1899
616,1899
617,1899
618,1899
619,1899
620,1899
621,1899
622,1899
623,1899
624,1899
625,1899
626,1899
627,1899
628,1899
629,1899
630,1899
631,1899
632,1899
633,1899
634,1899
635,1899
636,1899
637,1899
638,1899
639,1899
640,1900
641,1900
642,1900
643,1900
644,1900
645,1900
646,1900
647,1900
648,1900
649,1900
650,1900
651,1900
652,1900
653,1900
654,1900
655,1900
656,1900
657,1900
658,1900
659,1900
660,1900
661,1900
662,1900
663,1900
664,1900
665,1900
666,1900
667,1900
668,1901
669,1901
670,1901
671,1901
672,1901
673,1901
674,1901
675,1901
676,1901
677,1901
678,1901
679,1901
680,1901
681,1901
682,1901
683,1901
684,1901
685,1901
686,1901
687,1901
688,1901
689,1901
690,1901
691,1901
692,1901
693,1901
694,1901
695,1901
696,1902
697,1902
698,1902
699,1902
700,1902
701,1902
702,1902
703,1902
704,1902
705,1902
706,1902
707,1902
708,1902
709,1902
710,1902
711,1902
712,1902
713,1902
714,1902
715,1902
716,1902
717,1902
718,1902
719,1902
720,1902
721,1902
722,1902
723,1902
724,1902
725,1903
726,1903
727,1903
728,1903
729,1903
730,1903
731,1903
732,1903
733,1903
734,1903
735,1903
736,1903
737,1903
738,1903
739,1903
740,1903
741,1903
742,1903
743,1903
744,1903
745,1903
746,1903
747,1903
748,1903
749,1903
750,1903
751,1903
752,1903
753,1904
754,1904
755,1904
756,1904
757,1904
758,1904
759,1904
760,1904
761,1904
762,1904
763,1904
764,1904
765,1904
766,1904
767,1904
768,1904
769,1904
770,1904
771,1904
772,1904
773,1904
774,1904
775,1904
776,1904
777,1904
778,1904
779,1904
780,1904
781,1905
782,1905
783,1905
784,1905
785,1905
786,1905
787,1905
788,1905
789,1905
790,1905
791,1905
792,1905
793,1905
794,1905
795,1905
796,1905
797,1905
798,1905
799,1905
800,1905
801,1905
802,1905
803,1905
804,1905
805,1905
806,1905
807,1905
808,1905
809,1905
810,1906
811,1906
812,1906
813,1906
814,1906
815,1906
816,1906
817,1906
818,1906
819,1906
820,1906
821,1906
822,1906
823,1906
824,1906
825,1906
826,1906
827,1906
828,1906
829,1906
830,1906
831,1906
832,1906
833,1906
834,1906
835,1906
836,1906
837,1906
838,1907
839,1907
840,1907
841,1907
842,1907
843,1907
844,1907
845,1907
846,1907
847,1907
848,1907
849,1907
850,1907
851,1907
852,1907
853,1907
854,1907
855,1907
856,1907
857,1907
858,1907
859,1907
860,1907
861,1907
862,1907
863,1907
864,1907
865,1907
866,1908
867,1908
868,1908
869,1908
870,1908
871,1908
872,1908
873,1908
874,1908
875,1908
876,1908
877,1908
878,1908
879,1908
880,1908
881,1908
882,1908
883,1908
884,1908
885,1908
886,1908
887,1908
888,1908
889,1908
890,1908
891,1908
892,1908
893,1908
894,1908
895,1909
896,1909
897,1909
898,1909
899,1909
900,1909
901,1909
902,1909
903,1909
904,1909
905,1909
906,1909
907,1909
908,1909
909,1909
910,1909
911,1909
912,1909
913,1909
914,1909
915,1909
916,1909
917,1909
918,1909
919,1909
920,1909
921,1909
922,1909
923,1910
924,1910
925,1910
926,1910
927,1910
928,1910
929,1910
930,1910
931,1910
932,1910
933,1910
934,1910
935,1910
936,1910
937,1910
938,1910
939,1910
940,1910
941,1910
942,1910
943,1910
944,1910
945,1910
946,1910
947,1910
948,1910
949,1910
950,1910
951,1911
952,1911
953,1911
954,1911
955,1911
956,1911
957,1911
958,1911
959,1911
960,1911
961,1911
962,1911
963,1911
964,1911
965,1911
966,1911
967,1911
968,1911
969,1911
970,1911
971,1911
972,1911
973,1911
974,1911
975,1911
976,1911
977,1911
978,1911
979,1911
980,1912
981,1912
982,1912
983,1912
984,1912
985,1912
986,1912
987,1912
988,1912
989,1912
990,1912
991,1912
992,1912
993,1912
994,1912
995,1912
996,1912
997,1912
998,1912
999,1912
1000,1912
1001,1912
1002,1912
1003,1912
1004,1912
1005,1912
1006,1912
1007,1912
1008,1913
1009,1913
1010,1913
1011,1913
1012,1913
1013,1913
1014,1913
1015,1913
1016,1913
1017,1913
1018,1913
1019,1913
1020,1913
1021,1913
1022,1913
1023,1913
1024,1913
1025,1913
1026,1913
1027,1913
1028,1913
1029,1913
1030,1913
1031,1913
1032,1913
1033,1913
1034,1913
1035,1913
1036,1914
1037,1914
1038,1914
1039,1914
1040,1914
1041,1914
1042,1914
1043,1914
1044,1914
1045,1914
1046,1914
1047,1914
1048,1914
1049,1914
1050,1914
1051,1914
1052,1914
1053,1914
1054,1914
1055,1914
1056,1914
1057,1914
1058,1914
1059,1914
1060,1914
1061,1914
1062,1914
1063,1914
1064,1914
1065,1914
1066,1914
1067,1914
1068,1914
1069,1914
1070,1914
1071,1914
1072,1914
1073,1914
1074,1914
1075,1914
1076,1914
1077,1914
1078,1914
1079,1914
1080,1914
1081,1914
1082,1914
1083,1914
1084,1914
1085,1914
1086,1914
1087,1914
1088,1914
1089,1914
1090,1914
1091,1914
1092,1914
1093,1914
1094,1914
1095,1914
1096,1914
1097,1914
1098,1915
1099,1915
1100,1915
1101,1915
1102,1915
1103,1915
1104,1915
1105,1915
1106,1915
1107,1915
1108,1915
1109,1915
1110,1915
1111,1915
1112,1915
1113,1915
1114,1915
1115,1915
1116,1915
1117,1915
1118,1915
1119,1915
1120,1915
1121,1915
1122,1915
1123,1915
1124,1915
1125,1915
1126,1915
1127,1915
1128,1915
1129,1915
1130,1915
1131,1915
1132,1915
1133,1915
1134,1915
1135,1915
1136,1915
1137,1915
1138,1915
1139,1915
1140,1915
1141,1915
1142,1915
1143,1915
1144,1915
1145,1915
1146,1915
1147,1915
1148,1915
1149,1915
1150,1915
1151,1915
1152,1915
1153,1915
1154,1915
1155,1915
1156,1915
1157,1915
1158,1915
1159,1915
1160,1915
1161,1915
1162,1915
1163,1915
1164,1915
1165,1915
1166,1915
1167,1915
1168,1915
1169,1915
1170,1915
1171,1915
1172,1915
1173,1915
1174,1915
1175,1915
1176,1915
1177,1915
1178,1915
1179,1915
1180,1915
1181,1915
1182,1915
1183,1915
1184,1915
1185,1915
1186,1915
1187,1915
1188,1915
1189,1915
1190,1915
1191,1915
1192,1915
1193,1916
1194,1916
1195,1916
1196,1916
1197,1916
1198,1916
1199,1916
1200,1916
1201,1916
1202,1916
1203,1916
1204,1916
1205,1916
1206,1916
1207,1916
1208,1916
1209,1916
1210,1916
1211,1916
1212,1916
1213,1916
1214,1916
1215,1916
1216,1916
1217,1916
1218,1916
1219,1916
1220,1916
1221,1916
1222,1916
1223,1916
1224,1916
1225,1916
1226,1916
1227,1916
1228,1916
1229,1916
1230,1916
1231,1916
1232,1916
1233,1916
1234,1916
1235,1916
1236,1916
1237,1916
1238,1916
1239,1916
1240,1916
1241,1916
1242,1916
1243,1916
1244,1916
1245,1916
1246,1916
1247,1916
1248,1916
1249,1916
1250,1916
1251,1916
1252,1916
1253,1916
1254,1916
1255,1916
1256,1916
1257,1916
1258,1916
1259,1916
1260,1916
1261,1916
1262,1916
1263,1916
1264,1916
1265,1916
1266,1916
1267,1916
1268,1916
1269,1916
1270,1916
1271,1916
1272,1916
1273,1916
1274,1916
1275,1916
1276,1916
1277,1916
1278,1916
1279,1916
1280,1916
1281,1916
1282,1916
1283,1916
1284,1916
1285,1916
1286,1916
1287,1916
1288,1917
1289,1917
1290,1917
1291,1917
1292,1917
1293,1917
1294,1917
1295,1917
1296,1917
1297,1917
1298,1917
1299,1917
1300,1917
1301,1917
1302,1917
1303,1917
1304,1917
1305,1917
1306,1917
1307,1917
1308,1917
1309,1917
1310,1917
1311,1917
1312,1917
1313,1917
1314,1917
1315,1917
1316,1917
1317,1917
1318,1917
1319,1917
1320,1917
1321,1917
1322,1917
1323,1917
1324,1917
1325,1917
1326,1917
1327,1917
1328,1917
1329,1917
1330,1917
1331,1917
1332,1917
1333,1917
1334,1917
1335,1917
1336,1917
1337,1917
1338,1917
1339,1917
1340,1917
1341,1917
1342,1917
1343,1917
1344,1917
1345,1917
1346,1917
1347,1917
1348,1917
1349,1917
1350,1917
1351,1917
1352,1917
1353,1917
1354,1917
1355,1917
1356,1917
1357,1917
1358,1917
1359,1917
1360,1917
1361,1917
1362,1917
1363,1917
1364,1917
1365,1917
1366,1917
1367,1917
1368,1917
1369,1917
1370,1917
1371,1917
1372,1917
1373,1917
1374,1917
1375,1917
1376,1917
1377,1917
1378,1917
1379,1917
1380,1917
1381,1917
1382,1917
1383,1918
1384,1918
1385,1918
1386,1918
1387,1918
1388,1918
1389,1918
1390,1918
1391,1918
1392,1918
1393,1918
1394,1918
1395,1918
1396,1918
1397,1918
1398,1918
1399,1918
1400,1918
1401,1918
1402,1918
1403,1918
1404,1918
1405,1918
1406,1918
1407,1918
1408,1918
1409,1918
1410,1918
1411,1918
1412,1918
1413,1918
1414,1918
1415,1918
1416,1918
1417,1918
1418,1918
1419,1918
1420,1918
1421,1918
1422,1918
1423,1918
1424,1918
1425,1918
1426,1918
1427,1918
1428,1918
1429,1918
1430,1918
1431,1918
1432,1918
1433,1918
1434,1918
1435,1918
1436,1918
1437,1918
1438,1918
1439,1918
1440,1918
1441,1918
1442,1918
1443,1918
1444,1918
1445,1918
1446,1918
1447,1918
1448,1918
1449,1918
1450,1918
1451,1918
1452,1918
1453,1918
1454,1918
1455,1918
1456,1919
1457,1919
1458,1919
1459,1919
1460,1919
1461,1919
1462,1919
1463,1919
1464,1919
1465,1919
1466,1919
1467,1919
1468,1919
1469,1919
1470,1919
1471,1919
1472,1919
1473,1919
1474,1919
1475,1919
1476,1919
1477,1919
1478,1919
1479,1919
1480,1919
1481,1919
1482,1919
1483,1919
1484,1919
1485,1919
1486,1919
1487,1919
1488,1919
1489,1919
1490,1919
1491,1919
1492,1919
1493,1919
1494,1919
1495,1919
1496,1919
1497,1919
1498,1919
1499,1919
1500,1919
1501,1919
1502,1919
1503,1919
1504,1919
1505,1919
1506,1919
1507,1920
1508,1920
1509,1920
1510,1920
1511,1920
1512,1920
1513,1920
1514,1920
1515,1920
1516,1920
1517,1920
1518,1920
1519,1920
1520,1920
1521,1920
1522,1920
1523,1920
1524,1920
1525,1920
1526,1920
1527,1920
1528,1920
1529,1920
1530,1920
1531,1920
1532,1920
1533,1920
1534,1920
1535,1920
1536,1920
1537,1920
1538,1920
1539,1920
1540,1920
1541,1920
1542,1920
1543,1920
1544,1920
1545,1920
1546,1920
1547,1920
1548,1920
1549,1920
1550,1920
1551,1920
1552,1920
1553,1920
1554,1920
1555,1920
1556,1920
1557,1920
1558,1921
1559,1921
1560,1921
1561,1921
1562,1921
1563,1921
1564,1921
1565,1921
1566,1921
1567,1921
1568,1921
1569,1921
1570,1921
1571,1921
1572,1921
1573,1921
1574,1921
1575,1921
1576,1921
1577,1921
1578,1921
1579,1921
1580,1921
1581,1921
1582,1921
1583,1921
1584,1921
1585,1921
1586,1921
1587,1921
1588,1921
1589,1921
1590,1921
1591,1921
1592,1921
1593,1921
1594,1921
1595,1921
1596,1921
1597,1921
1598,1921
1599,1921
1600,1921
1601,1921
1602,1921
1603,1921
1604,1921
1605,1921
1606,1921
1607,1921
1608,1921
1609,1921
1610,1922
1611,1922
1612,1922
1613,1922
1614,1922
1615,1922
1616,1922
1617,1922
1618,1922
1619,1922
1620,1922
1621,1922
1622,1922
1623,1922
1624,1922
1625,1922
1626,1922
1627,1922
1628,1922
1629,1922
1630,1922
1631,1922
1632,1922
1633,1922
1634,1922
1635,1922
1636,1922
1637,1922
1638,1922
1639,1922
1640,1922
1641,1922
1642,1922
1643,1922
1644,1922
1645,1922
1646,1922
1647,1922
1648,1922
1649,1922
1650,1922
1651,1922
1652,1922
1653,1922
1654,1922
1655,1922
1656,1922
1657,1922
1658,1922
1659,1922
1660,1922
1661,1923
1662,1923
1663,1923
1664,1923
1665,1923
1666,1923
1667,1923
1668,1923
1669,1923
1670,1923
1671,1923
1672,1923
1673,1923
1674,1923
1675,1923
1676,1923
1677,1923
1678,1923
1679,1923
1680,1923
1681,1923
1682,1923
1683,1923
1684,1923
1685,1923
1686,1923
1687,1923
1688,1923
1689,1923
1690,1923
1691,1923
1692,1923
1693,1923
1694,1923
1695,1923
1696,1923
1697,1923
1698,1923
1699,1923
1700,1923
1701,1923
1702,1923
1703,1923
1704,1923
1705,1923
1706,1923
1707,1923
1708,1923
1709,1923
1710,1923
1711,1923
1712,1924
1713,1924
1714,1924
1715,1924
1716,1924
1717,1924
1718,1924
1719,1924
1720,1924
1721,1924
1722,1924
1723,1924
1724,1924
1725,1924
1726,1924
1727,1924
1728,1924
1729,1924
1730,1924
1731,1924
1732,1924
1733,1924
1734,1924
1735,1924
1736,1924
1737,1924
1738,1924
1739,1924
1740,1924
1741,1924
1742,1924
1743,1924
1744,1924
1745,1924
1746,1924
1747,1924
1748,1924
1749,1924
1750,1924
1751,1924
1752,1924
1753,1924
1754,1924
1755,1924
1756,1924
1757,1924
1758,1924
1759,1924
1760,1924
1761,1924
1762,1924
1763,1925
1764,1925
1765,1925
1766,1925
1767,1925
1768,1925
1769,1925
1770,1925
1771,1925
1772,1925
1773,1925
1774,1925
1775,1925
1776,1925
1777,1925
1778,1925
1779,1925
1780,1925
1781,1925
1782,1925
1783,1925
1784,1925
1785,1925
1786,1925
1787,1925
1788,1925
1789,1925
1790,1925
1791,1925
1792,1925
1793,1925
1794,1925
1795,1925
1796,1925
1797,1925
1798,1925
1799,1925
1800,1926
1801,1926
1802,1926
1803,1926
1804,1926
1805,1926
1806,1926
1807,1926
1808,1926
1809,1926
1810,1926
1811,1926
1812,1926
1813,1926
1814,1926
1815,1926
1816,1926
1817,1926
1818,1926
1819,1926
1820,1926
1821,1926
1822,1926
1823,1927
1824,1927
1825,1927
1826,1927
1827,1927
1828,1927
1829,1927
1830,1927
1831,1927
1832,1927
1833,1927
1834,1927
1835,1927
1836,1927
1837,1927
1838,1927
1839,1927
1840,1927
1841,1927
1842,1927
1843,1927
1844,1927
1845,1927
1846,1928
1847,1928
1848,1928
1849,1928
1850,1928
1851,1928
1852,1928
1853,1928
1854,1928
1855,1928
1856,1928
1857,1928
1858,1928
1859,1928
1860,1928
1861,1928
1862,1928
1863,1928
1864,1928
1865,1928
1866,1928
1867,1928
1868,1928
1869,1929
1870,1929
1871,1929
1872,1929
1873,1929
1874,1929
1875,1929
1876,1929
1877,1929
1878,1929
1879,1929
1880,1929
1881,1929
1882,1929
1883,1929
1884,1929
1885,1929
1886,1929
1887,1929
1888,1929
1889,1929
1890,1929
1891,1929
1892,1930
1893,1930
1894,1930
1895,1930
1896,1930
1897,1930
1898,1930
1899,1930
1900,1930
1901,1930
1902,1930
1903,1930
1904,1930
1905,1930
1906,1930
1907,1930
1908,1930
1909,1930
1910,1930
1911,1930
1912,1930
1913,1930
1914,1930
1915,1931
1916,1931
1917,1931
1918,1931
1919,1931
1920,1931
1921,1931
1922,1931
1923,1931
1924,1931
1925,1931
1926,1931
1927,1931
1928,1931
1929,1931
1930,1931
1931,1931
1932,1931
1933,1931
1934,1931
1935,1931
1936,1931
1937,1931
1938,1932
1939,1932
1940,1932
1941,1932
1942,1932
1943,1932
1944,1932
1945,1932
1946,1932
1947,1932
1948,1932
1949,1932
1950,1932
1951,1932
1952,1932
1953,1932
1954,1932
1955,1932
1956,1932
1957,1932
1958,1932
1959,1932
1960,1932
1961,1933
1962,1933
1963,1933
1964,1933
1965,1933
1966,1933
1967,1933
1968,1933
1969,1933
1970,1933
1971,1933
1972,1933
1973,1933
1974,1933
1975,1933
1976,1933
1977,1933
1978,1933
1979,1933
1980,1933
1981,1933
1982,1933
1983,1933
1984,1933
1985,1933
1986,1933
1987,1933
1988,1933
1989,1933
1990,1933
1991,1933
1992,1933
1993,1933
1994,1934
1995,1934
1996,1934
1997,1934
1998,1934
1999,1934
2000,1934
2001,1934
2002,1934
2003,1934
2004,1934
2005,1934
2006,1934
2007,1934
2008,1934
2009,1934
2010,1934
2011,1934
2012,1934
2013,1934
2014,1934
2015,1934
2016,1934
2017,1934
2018,1934
2019,1934
2020,1934
2021,1934
2022,1934
2023,1934
2024,1934
2025,1934
2026,1934
2027,1934
2028,1934
2029,1934
2030,1934
2031,1934
2032,1934
2033,1934
2034,1934
2035,1934
2036,1935
2037,1935
2038,1935
2039,1935
2040,1935
2041,1935
2042,1935
2043,1935
2044,1935
2045,1935
2046,1935
2047,1935
2048,1935
2049,1935
2050,1935
2051,1935
2052,1935
2053,1935
2054,1935
2055,1935
2056,1935
2057,1935
2058,1935
2059,1935
2060,1935
2061,1935
2062,1935
2063,1935
2064,1935
2065,1935
2066,1935
2067,1935
2068,1935
2069,1935
2070,1935
2071,1935
2072,1935
2073,1935
2074,1935
2075,1935
2076,1935
2077,1935
2078,1935
2079,1936
2080,1936
2081,1936
2082,1936
2083,1936
2084,1936
2085,1936
2086,1936
2087,1936
2088,1936
2089,1936
2090,1936
2091,1936
2092,1936
2093,1936
2094,1936
2095,1936
2096,1936
2097,1936
2098,1936
2099,1936
2100,1936
2101,1936
2102,1936
2103,1936
2104,1936
2105,1936
2106,1936
2107,1936
2108,1936
2109,1936
2110,1936
2111,1936
2112,1936
2113,1936
2114,1936
2115,1936
2116,1936
2117,1936
2118,1936
2119,1936
2120,1936
2121,1937
2122,1937
2123,1937
2124,1937
2125,1937
2126,1937
2127,1937
2128,1937
2129,1937
2130,1937
2131,1937
2132,1937
2133,1937
2134,1937
2135,1937
2136,1937
2137,1937
2138,1937
2139,1937
2140,1937
2141,1937
2142,1937
2143,1937
2144,1937
2145,1937
2146,1937
2147,1937
2148,1937
2149,1937
2150,1937
2151,1937
2152,1937
2153,1937
2154,1937
2155,1937
2156,1937
2157,1937
2158,1937
2159,1937
2160,1937
2161,1937
2162,1937
2163,1937
2164,1938
2165,1938
2166,1938
2167,1938
2168,1938
2169,1938
2170,1938
2171,1938
2172,1938
2173,1938
2174,1938
2175,1938
2176,1938
2177,1938
2178,1938
2179,1938
2180,1938
2181,1938
2182,1938
2183,1938
2184,1938
2185,1938
2186,1938
2187,1938
2188,1938
2189,1938
2190,1938
2191,1938
2192,1938
2193,1938
2194,1938
2195,1938
2196,1938
2197,1938
2198,1938
2199,1938
2200,1938
2201,1938
2202,1938
2203,1938
2204,1938
2205,1938
2206,1939
2207,1939
2208,1939
2209,1939
2210,1939
2211,1939
2212,1939
2213,1939
2214,1939
2215,1939
2216,1939
2217,1939
2218,1939
2219,1939
2220,1939
2221,1939
2222,1939
2223,1939
2224,1939
2225,1939
2226,1939
2227,1939
2228,1939
2229,1939
2230,1939
2231,1939
2232,1939
2233,1939
2234,1939
2235,1939
2236,1939
2237,1939
2238,1939
2239,1939
2240,1939
2241,1939
2242,1939
2243,1939
2244,1939
2245,1939
2246,1939
2247,1939
2248,1939
2249,1940
2250,1940
2251,1940
2252,1940
2253,1940
2254,1940
2255,1940
2256,1940
2257,1940
2258,1940
2259,1940
2260,1940
2261,1940
2262,1940
2263,1940
2264,1940
2265,1940
2266,1940
2267,1940
2268,1940
2269,1940
2270,1940
2271,1940
2272,1940
2273,1940
2274,1940
2275,1940
2276,1940
2277,1940
2278,1940
2279,1940
2280,1940
2281,1940
2282,1940
2283,1940
2284,1940
2285,1940
2286,1940
2287,1940
2288,1940
2289,1940
2290,1940
2291,1941
2292,1941
2293,1941
2294,1941
2295,1941
2296,1941
2297,1941
2298,1941
2299,1941
2300,1941
2301,1941
2302,1941
2303,1941
2304,1941
2305,1941
2306,1941
2307,1941
2308,1941
2309,1941
2310,1941
2311,1941
2312,1941
2313,1941
2314,1941
2315,1941
2316,1941
2317,1941
2318,1941
2319,1941
2320,1941
2321,1941
2322,1942
2323,1942
2324,1942
2325,1942
2326,1942
2327,1942
2328,1942
2329,1942
2330,1942
2331,1942
2332,1942
2333,1942
2334,1942
2335,1942
2336,1942
2337,1942
2338,1942
2339,1942
2340,1942
2341,1943
2342,1943
2343,1943
2344,1943
2345,1943
2346,1943
2347,1943
2348,1943
2349,1943
2350,1943
2351,1943
2352,1943
2353,1943
2354,1943
2355,1943
2356,1943
2357,1943
2358,1943
2359,1943
2360,1944
2361,1944
2362,1944
2363,1944
2364,1944
2365,1944
2366,1944
2367,1944
2368,1944
2369,1944
2370,1944
2371,1944
2372,1944
2373,1944
2374,1944
2375,1944
2376,1944
2377,1944
2378,1944
2379,1945
2380,1945
2381,1945
2382,1945
2383,1945
2384,1945
2385,1945
2386,1945
2387,1945
2388,1945
2389,1945
2390,1945
2391,1945
2392,1945
2393,1945
2394,1945
2395,1945
2396,1945
2397,1945
2398,1946
2399,1946
2400,1946
2401,1946
2402,1946
2403,1946
2404,1946
2405,1946
2406,1946
2407,1946
2408,1946
2409,1946
2410,1946
2411,1946
2412,1946
2413,1946
2414,1946
2415,1946
2416,1947
2417,1947
2418,1947
2419,1947
2420,1947
2421,1947
2422,1947
2423,1947
2424,1947
2425,1947
2426,1947
2427,1947
2428,1947
2429,1947
2430,1947
2431,1947
2432,1947
2433,1947
2434,1947
2435,1948
2436,1948
2437,1948
2438,1948
2439,1948
2440,1948
2441,1948
2442,1948
2443,1948
2444,1948
2445,1948
2446,1948
2447,1948
2448,1948
2449,1948
2450,1948
2451,1948
2452,1948
2453,1948
2454,1949
2455,1949
2456,1949
2457,1949
2458,1949
2459,1949
2460,1949
2461,1949
2462,1949
2463,1949
2464,1949
2465,1949
2466,1949
2467,1949
2468,1949
2469,1949
2470,1949
2471,1949
2472,1949
2473,1950
2474,1950
2475,1950
2476,1950
2477,1950
2478,1950
2479,1950
2480,1950
2481,1950
2482,1950
2483,1950
2484,1950
2485,1950
2486,1950
2487,1950
2488,1950
2489,1950
2490,1950
2491,1950
2492,1951
2493,1951
2494,1951
2495,1951
2496,1951
2497,1951
2498,1951
2499,1951
2500,1951
2501,1951
2502,1951
2503,1951
2504,1951
2505,1951
2506,1951
2507,1951
2508,1951
2509,1951
2510,1951
2511,1952
2512,1952
2513,1952
2514,1952
2515,1952
2516,1952
2517,1952
2518,1952
2519,1952
2520,1952
2521,1952
2522,1952
2523,1952
2524,1952
2525,1952
2526,1952
2527,1952
2528,1952
2529,1952
2530,1953
2531,1953
2532,1953
2533,1953
2534,1953
2535,1953
2536,1953
2537,1953
2538,1953
2539,1953
2540,1953
2541,1953
2542,1953
2543,1953
2544,1953
2545,1953
2546,1953
2547,1953
2548,1953
2549,1954
2550,1954
2551,1954
2552,1954
2553,1954
2554,1954
2555,1954
2556,1954
2557,1954
2558,1954
2559,1954
2560,1954
2561,1954
2562,1954
2563,1954
2564,1954
2565,1954
2566,1954
2567,1954
2568,1955
2569,1955
2570,1955
2571,1955
2572,1955
2573,1955
2574,1955
2575,1955
2576,1955
2577,1955
2578,1955
2579,1955
2580,1955
2581,1955
2582,1955
2583,1955
2584,1955
2585,1955
2586,1956
2587,1956
2588,1956
2589,1956
2590,1956
2591,1956
2592,1956
2593,1956
2594,1956
2595,1956
2596,1956
2597,1956
2598,1956
2599,1956
2600,1956
2601,1956
2602,1956
2603,1956
2604,1956
2605,1957
2606,1957
2607,1957
2608,1957
2609,1957
2610,1957
2611,1957
2612,1957
2613,1957
2614,1957
2615,1957
2616,1957
2617,1957
2618,1957
2619,1957
2620,1957
2621,1957
2622,1957
2623,1957
2624,1958
2625,1958
2626,1958
2627,1958
2628,1958
2629,1958
2630,1958
2631,1958
2632,1958
2633,1958
2634,1958
2635,1958
2636,1958
2637,1958
2638,1958
2639,1958
2640,1958
2641,1958
2642,1958
2643,1959
2644,1959
2645,1959
2646,1959
2647,1959
2648,1959
2649,1959
2650,1959
2651,1959
2652,1959
2653,1959
2654,1959
2655,1959
2656,1959
2657,1959
2658,1959
2659,1959
2660,1959
2661,1959
2662,1959
2663,1959
2664,1959
2665,1959
2666,1959
2667,1959
2668,1959
2669,1959
2670,1959
2671,1959
2672,1959
2673,1959
2674,1958
2675,1958
2676,1958
2677,1958
2678,1958
2679,1958
2680,1958
2681,1958
2682,1958
2683,1958
2684,1958
2685,1958
2686,1958
2687,1958
2688,1958
2689,1958
2690,1958
2691,1958
2692,1958
2693,1958
2694,1958
2695,1958
2696,1958
2697,1958
2698,1958
2699,1958
2700,1958
2701,1958
2702,1958
2703,1958
2704,1958
2705,1958
2706,1958
2707,1958
2708,1958
2709,1958
2710,1958
2711,1958
2712,1958
2713,1958
2714,1958
2715,1958
2716,1957
2717,1957
2718,1957
2719,1957
2720,1957
2721,1957
2722,1957
2723,1957
2724,1957
2725,1957
2726,1957
2727,1957
2728,1957
2729,1957
2730,1957
2731,1957
2732,1957
2733,1957
2734,1957
2735,1957
2736,1957
2737,1957
2738,1957
2739,1957
2740,1957
2741,1957
2742,1957
2743,1957
2744,1957
2745,1957
2746,1957
2747,1957
2748,1957
2749,1957
2750,1957
2751,1957
2752,1957
2753,1957
2754,1957
2755,1957
2756,1957
2757,1957
2758,1957
2759,1956
2760,1956
2761,1956
2762,1956
2763,1956
2764,1956
2765,1956
2766,1956
2767,1956
2768,1956
2769,1956
2770,1956
2771,1956
2772,1956
2773,1956
2774,1956
2775,1956
2776,1956
2777,1956
2778,1956
2779,1956
2780,1956
2781,1956
2782,1956
2783,1956
2784,1956
2785,1956
2786,1956
2787,1956
2788,1956
2789,1956
2790,1956
2791,1956
2792,1956
2793,1956
2794,1956
2795,1956
2796,1956
2797,1956
2798,1956
2799,1956
2800,1956
2801,1955
2802,1955
2803,1955
2804,1955
2805,1955
2806,1955
2807,1955
2808,1955
2809,1955
2810,1955
2811,1955
2812,1955
2813,1955
2814,1955
2815,1955
2816,1955
2817,1955
2818,1955
2819,1955
2820,1955
2821,1955
2822,1955
2823,1955
2824,1955
2825,1955
2826,1955
2827,1955
2828,1955
2829,1955
2830,1955
2831,1955
2832,1955
2833,1955
2834,1955
2835,1955
2836,1955
2837,1955
2838,1955
2839,1955
2840,1955
2841,1955
2842,1955
2843,1954
2844,1954
2845,1954
2846,1954
2847,1954
2848,1954
2849,1954
2850,1954
2851,1954
2852,1954
2853,1954
2854,1954
2855,1954
2856,1954
2857,1954
2858,1954
2859,1954
2860,1954
2861,1954
2862,1954
2863,1954
2864,1954
2865,-1
2866,-1
2867,-1
2868,-1
2869,-1
2870,-1
2871,-1
2872,-1
2873,-1
2874,-1
2875,-1
2876,-1
2877,-1
2878,-1
2879,-1
2880,-1
2881,-1
2882,-1
2883,-1
2884,-1
2885,-1
2886,-1
2887,-1
2888,-1
2889,-1
2890,-1
2891,-1
2892,-1
2893,-1
2894,-1
2895,-1
2896,-1
2897,-1
2898,-1
2899,-1
2900,-1
2901,-1
2902,-1
2903,-1
2904,-1
2905,-1
2906,-1
2907,-1
2908,-1
2909,-1
2910,-1
2911,-1
2912,-1
2913,-1
2914,-1
2915,-1
2916,-1
2917,-1
2918,-1
2919,-1
2920,-1
2921,-1
2922,-1
2923,-1
2924,-1
2925,-1
2926,-1
2927,-1
2928,-1
2929,-1
2930,-1
2931,-1
2932,-1
2933,-1
2934,-1
2935,-1
2936,-1
2937,-1
2938,-1
2939,-1
2940,-1
2941,-1
2942,-1
2943,-1
2944,-1
2945,-1
2946,-1
2947,-1
2948,-1
2949,-1
2950,-1
2951,-1
2952,-1
2953,-1
2954,-1
2955,-1
2956,-1
2957,-1
2958,-1
2959,-1
2960,-1
2961,-1
2962,-1
2963,-1
2964,-1
2965,-1
2966,-1
2967,-1
2968,-1
2969,-1
2970,-1
2971,-1
2972,-1
2973,-1
2974,-1
2975,-1
2976,-1
2977,-1
2978,-1
2979,-1
2980,-1
2981,-1
2982,-1
2983,-1
2984,-1
2985,-1
2986,-1
2987,-1
2988,-1
2989,-1
2990,-1
2991,-1
2992,-1
2993,-1
2994,-1
2995,-1
2996,-1
2997,-1
2998,-1
2999,-1
3000,-1
3001,-1
3002,-1
3003,-1
3004,-1
3005,-1
3006,-1
3007,-1
3008,-1
3009,-1
3010,-1
3011,-1
3012,-1
3013,-1
3014,-1
3015,-1
3016,-1
3017,-1
3018,-1
3019,-1
3020,-1
3021,-1
3022,-1
3023,-1
3024,-1
3025,-1
3026,-1
3027,-1
3028,-1
3029,-1
3030,-1
3031,-1
3032,-1
3033,-1
3034,-1
3035,-1
3036,-1
3037,-1
3038,-1
3039,-1
3040,-1
3041,-1
3042,-1
3043,-1
3044,-1
3045,-1
3046,-1
3047,-1
3048,-1
3049,-1
3050,-1
3051,-1
3052,-1
3053,-1
3054,-1
3055,-1
3056,-1
3057,-1
3058,-1
3059,-1
3060,-1
3061,-1
3062,-1
3063,-1
3064,-1
3065,-1
3066,-1
3067,-1
3068,-1
3069,-1
3070,-1
3071,-1
3072,-1
3073,-1
3074,-1
3075,-1
3076,-1
3077,-1
3078,-1
3079,-1
3080,-1
3081,-1
3082,-1
3083,-1
3084,-1
3085,-1
3086,-1
3087,-1
3088,-1
3089,-1
3090,-1
3091,-1
3092,-1
3093,-1
3094,-1
3095,-1
3096,-1
3097,-1
3098,-1
3099,-1
3100,-1
3101,-1
3102,-1
3103,-1
3104,-1
3105,-1
3106,-1
3107,-1
3108,-1
3109,-1
3110,-1
3111,-1
3112,-1
3113,-1
3114,-1
3115,-1
3116,-1
3117,-1
3118,-1
3119,-1
3120,-1
3121,-1
3122,-1
3123,-1
3124,-1
3125,-1
3126,-1
3127,-1
3128,-1
3129,-1
3130,-1
3131,-1
3132,-1
3133,-1
3134,-1
3135,-1
3136,-1
3137,-1
3138,-1
3139,-1
3140,-1
3141,-1
3142,-1
3143,-1
3144,-1
3145,-1
3146,-1
3147,-1
3148,-1
3149,-1
3150,-1
3151,-1
3152,-1
3153,-1
3154,-1
3155,-1
3156,-1
3157,-1
3158,-1
3159,-1
3160,-1
3161,-1
3162,-1
3163,-1
3164,-1
3165,-1
3166,-1
3167,-1
3168,-1
3169,-1
3170,-1
3171,-1
3172,-1
3173,-1
3174,-1
3175,-1
3176,-1
3177,-1
3178,-1
3179,-1
3180,-1
3181,-1
3182,-1
3183,-1
3184,-1
3185,-1
3186,-1
3187,-1
3188,-1
3189,-1
3190,-1
3191,-1
3192,-1
3193,-1
3194,-1
3195,-1
3196,-1
3197,-1
3198,-1
3199,-1
3200,-1
3201,-1
3202,-1
3203,-1
3204,-1
3205,-1
3206,-1
3207,-1
3208,-1
3209,-1
3210,-1
3211,-1
3212,-1
3213,-1
3214,-1
3215,-1
3216,-1
3217,-1
3218,-1
3219,-1
3220,-1
3221,-1
3222,-1
3223,-1
3224,-1
3225,-1
3226,-1
3227,-1
3228,-1
3229,-1
3230,-1
3231,-1
3232,-1
3233,-1
3234,-1
3235,-1
3236,-1
3237,-1
3238,-1
3239,-1
3240,-1
3241,-1
3242,-1
3243,-1
3244,-1
3245,-1
3246,-1
3247,-1
3248,-1
3249,-1
3250,-1
3251,-1
3252,-1
3253,-1
3254,-1
3255,-1
3256,-1
3257,-1
3258,-1
3259,-1
3260,-1
3261,-1
3262,-1
3263,-1
3264,-1
3265,-1
3266,-1
3267,-1
3268,-1
3269,-1
3270,-1
3271,-1
3272,-1
3273,-1
3274,-1
3275,-1
3276,-1
3277,-1
3278,-1
3279,-1
3280,-1
3281,-1
3282,-1
3283,-1
3284,-1
3285,-1
3286,-1
3287,-1
3288,-1
3289,-1
3290,-1
3291,-1
3292,-1
3293,-1
3294,-1
3295,-1
3296,-1
3297,-1
3298,-1
3299,-1
3300,-1
3301,-1
3302,-1
3303,-1
3304,-1
3305,-1
3306,-1
3307,-1
3308,-1
3309,-1
3310,-1
3311,-1
3312,-1
3313,-1
3314,-1
3315,-1
3316,-1
3317,-1
3318,-1
3319,-1
3320,-1
3321,-1
3322,-1
3323,-1
3324,-1
3325,-1
3326,-1
3327,-1
3328,-1
3329,-1
3330,-1
3331,-1
3332,-1
3333,-1
3334,-1
3335,-1
3336,-1
3337,-1
3338,-1
3339,-1
3340,-1
3341,-1
3342,-1
3343,-1
3344,-1
3345,-1
3346,-1
3347,-1
3348,-1
3349,-1
3350,-1
3351,-1
3352,-1
3353,-1
3354,-1
3355,-1
3356,-1
3357,-1
3358,-1
3359,-1
3360,-1
3361,-1
3362,-1
3363,-1
3364,-1
3365,-1
3366,-1
3367,-1
3368,-1
3369,-1
3370,-1
3371,-1
3372,-1
3373,-1
3374,-1
3375,-1
3376,-1
3377,-1
3378,-1
3379,-1
3380,-1
3381,-1
3382,-1
3383,-1
3384,-1
3385,-1
3386,-1
3387,-1
3388,-1
3389,-1
3390,-1
3391,-1
3392,-1
3393,-1
3394,-1
3395,-1
3396,-1
3397,-1
3398,-1
3399,-1
3400,-1
3401,-1
3402,-1
3403,-1
3404,-1
3405,-1
3406,-1
3407,-1
3408,-1
3409,-1
3410,-1
3411,-1
3412,-1
3413,-1
3414,-1
3415,-1
3416,-1
3417,-1
3418,-1
3419,-1
3420,-1
3421,-1
3422,-1
3423,-1
3424,-1
3425,-1
3426,-1
3427,-1
3428,-1
3429,-1
3430,-1
3431,-1
3432,-1
3433,-1
3434,-1
3435,-1
3436,-1
3437,-1
3438,-1
3439,-1
3440,-1
3441,-1
3442,-1
3443,-1
3444,-1
3445,-1
3446,-1
3447,-1
3448,-1
3449,-1
3450,-1
3451,-1
3452,-1
3453,-1
3454,-1
3455,-1
3456,-1
3457,-1
3458,-1
3459,-1
3460,-1
3461,-1
3462,-1
3463,-1
3464,-1
3465,-1
3466,-1
3467,-1
3468,-1
3469,-1
3470,-1
3471,-1
3472,-1
3473,-1
3474,-1
3475,-1
3476,-1
3477,-1
3478,-1
3479,-1
3480,-1
3481,-1
3482,-1
3483,-1
3484,-1
3485,-1
3486,-1
3487,-1
3488,-1
3489,-1
3490,-1
3491,-1
3492,-1
3493,-1
3494,-1
3495,-1
3496,-1
3497,-1
3498,-1
3499,-1
3500,-1
3501,-1
3502,-1
3503,-1
3504,-1
3505,-1
3506,-1
3507,-1
3508,-1
3509,-1
3510,-1
3511,-1
3512,-1
3513,-1
3514,-1
3515,-1
3516,-1
3517,-1
3518,-1
3519,-1
3520,-1
3521,-1
3522,-1
3523,-1
3524,-1
3525,-1
3526,-1
3527,-1
3528,-1
3529,-1
3530,-1
3531,-1
3532,-1
3533,-1
3534,-1
3535,-1
3536,-1
3537,-1
3538,-1
3539,-1
3540,-1
3541,-1
3542,-1
3543,-1
3544,-1
3545,-1
3546,-1
3547,-1
3548,-1
3549,-1
3550,-1
3551,-1
3552,-1
3553,-1
3554,-1
3555,-1
3556,-1
3557,-1
3558,-1
3559,-1
3560,-1
3561,-1
3562,-1
3563,-1
3564,-1
3565,-1
3566,-1
3567,-1
3568,-1
3569,-1
3570,-1
3571,-1
3572,-1
3573,-1
3574,-1
3575,-1
3576,-1
3577,-1
3578,-1
3579,-1
3580,-1
3581,-1
3582,-1
3583,-1
3584,-1
3585,-1
3586,-1
3587,-1
3588,-1
3589,-1
3590,-1
3591,-1
3592,-1
3593,-1
3594,-1
3595,-1
3596,-1
3597,-1
3598,-1
3599,-1
3600,-1
3601,-1
3602,-1
3603,-1
3604,-1
3605,-1
3606,-1
3607,-1
3608,-1
3609,-1
3610,-1
3611,-1
3612,-1
3613,-1
3614,-1
3615,-1
3616,-1
3617,-1
3618,-1
3619,-1
3620,-1
3621,-1
3622,-1
3623,-1
3624,-1
3625,-1
3626,-1
3627,-1
3628,-1
3629,-1
3630,-1
3631,-1
3632,-1
3633,-1
3634,-1
3635,-1
3636,-1
3637,-1
3638,-1
3639,-1
3640,-1
3641,-1
3642,-1
3643,-1
3644,-1
3645,-1
3646,-1
3647,-1
3648,-1
3649,-1
3650,-1
3651,-1
3652,-1
3653,-1
3654,-1
3655,-1
3656,-1
3657,-1
3658,-1
3659,-1
3660,-1
3661,-1
3662,-1
3663,-1
3664,-1
3665,-1
3666,-1
3667,-1
3668,-1
3669,-1
3670,-1
3671,-1
3672,-1
3673,-1
3674,-1
3675,-1
3676,-1
3677,-1
3678,-1
3679,-1
3680,-1
3681,-1
3682,-1
3683,-1
3684,-1
3685,-1
3686,-1
3687,-1
3688,-1
3689,-1
3690,-1
3691,-1
3692,-1
3693,-1
3694,-1
3695,-1
3696,-1
3697,-1
3698,-1
3699,-1
3700,-1
3701,-1
3702,-1
3703,-1
3704,-1
3705,-1
3706,-1
3707,-1
3708,-1
3709,-1
3710,-1
3711,-1
3712,-1
3713,-1
3714,-1
3715,-1
3716,-1
3717,-1
3718,-1
3719,-1
3720,-1
3721,-1
3722,-1
3723,-1
3724,-1
3725,-1
3726,-1
3727,-1
3728,-1
3729,-1
3730,-1
3731,-1
3732,-1
3733,-1
3734,-1
3735,-1
3736,-1
3737,-1
3738,-1
3739,-1
3740,-1
3741,-1
3742,-1
3743,-1
3744,-1
3745,-1
3746,-1
3747,-1
3748,-1
3749,-1
3750,-1
3751,-1
3752,-1
3753,-1
3754,-1
3755,-1
3756,-1
3757,-1
3758,-1
3759,-1
3760,-1
3761,-1
3762,-1
3763,-1
3764,-1
3765,-1
3766,-1
3767,-1
3768,-1
3769,-1
3770,-1
3771,-1
3772,-1
3773,-1
3774,-1
3775,-1
3776,-1
3777,-1
3778,-1
3779,-1
3780,-1
3781,-1
3782,-1
3783,-1
3784,-1
3785,-1
3786,-1
3787,-1
3788,-1
3789,-1
3790,-1
3791,-1
3792,-1
3793,-1
3794,-1
3795,-1
3796,-1
3797,-1
3798,-1
3799,-1
3800,-1
3801,-1
3802,-1
3803,-1
3804,-1
3805,-1
3806,-1
3807,-1
3808,-1
3809,-1
3810,-1
3811,-1
3812,-1
3813,-1
3814,-1
3815,-1
3816,-1
3817,-1
3818,-1
3819,-1
3820,-1
3821,-1
3822,-1
3823,-1
3824,-1
3825,-1
3826,-1
3827,-1
3828,-1
3829,-1
3830,-1
3831,-1
3832,-1
3833,-1
3834,-1
3835,-1
3836,-1
3837,-1
3838,-1
3839,-1
3840,-1
3841,-1
3842,-1
3843,-1
3844,-1
3845,-1
3846,-1
3847,-1
3848,-1
3849,-1
3850,-1
3851,-1
3852,-1
3853,-1
3854,-1
3855,-1
3856,-1
3857,-1
3858,-1
3859,-1
3860,-1
3861,-1
3862,-1
3863,-1
3864,-1
3865,-1
3866,-1
3867,-1
3868,-1
3869,-1
3870,-1
3871,-1
3872,-1
3873,-1
3874,-1
3875,-1
3876,-1
3877,-1
3878,-1
3879,-1
3880,-1
3881,-1
3882,-1
3883,-1
3884,-1
3885,-1
3886,-1
3887,-1
3888,-1
3889,-1
3890,-1
3891,-1
3892,-1
3893,-1
3894,-1
3895,-1
3896,-1
3897,-1
3898,-1
3899,-1
3900,-1
3901,-1
3902,-1
3903,-1
3904,-1
3905,-1
3906,-1
3907,-1
3908,-1
3909,-1
3910,-1
3911,-1
3912,-1
3913,-1
3914,-1
3915,-1
3916,-1
3917,-1
3918,-1
3919,-1
3920,-1
3921,-1
3922,-1
3923,-1
3924,-1
3925,-1
3926,-1
3927,-1
3928,-1
3929,-1
3930,-1
3931,-1
3932,-1
3933,-1
3934,-1
3935,-1
3936,-1
3937,-1
3938,-1
3939,-1
3940,-1
3941,-1
3942,-1
3943,-1
3944,-1
3945,-1
3946,-1
3947,-1
3948,-1
3949,-1
3950,-1
3951,-1
3952,-1
3953,-1
3954,-1
3955,-1
3956,-1
3957,-1
3958,-1
3959,-1
3960,-1
3961,-1
3962,-1
3963,-1
3964,-1
3965,-1
3966,-1
3967,-1
3968,-1
3969,-1
3970,-1
3971,-1
3972,-1
3973,-1
3974,-1
3975,-1
3976,-1
3977,-1
3978,-1
3979,-1
3980,-1
3981,-1
3982,-1
3983,-1
3984,-1
3985,-1
3986,-1
3987,-1
3988,-1
3989,-1
3990,-1
3991,-1
3992,-1
3993,-1
3994,-1
3995,-1
3996,-1
3997,-1
3998,-1
3999,-1
4000,-1
4001,-1
4002,-1
4003,-1
4004,-1
4005,-1
4006,-1
4007,-1
4008,-1
4009,-1
4010,-1
4011,-1
4012,-1
4013,-1
4014,-1
4015,-1
4016,-1
4017,-1
4018,-1
4019,-1
4020,-1
4021,-1
4022,-1
4023,-1
4024,-1
4025,-1
4026,-1
4027,-1
4028,-1
4029,-1
4030,-1
4031,-1
4032,-1
4033,-1
4034,-1
4035,-1
4036,-1
4037,-1
4038,-1
4039,-1
4040,-1
4041,-1
4042,-1
4043,-1
4044,-1
4045,-1
4046,-1
4047,-1
4048,-1
4049,-1
4050,-1
4051,-1
4052,-1
4053,-1
4054,-1
4055,-1
4056,-1
4057,-1
4058,-1
4059,-1
4060,-1
4061,-1
4062,-1
4063,-1
4064,-1
4065,-1
4066,-1
4067,-1
4068,-1
4069,-1
4070,-1
4071,-1
4072,-1
4073,-1
4074,-1
4075,-1
4076,-1
4077,-1
4078,-1
4079,-1
4080,-1
4081,-1
4082,-1
4083,-1
4084,-1
4085,-1
4086,-1
4087,-1
4088,-1
4089,-1
4090,-1
4091,-1
4092,-1
4093,-1
4094,-1
4095,-1
4096,-1
4097,-1
4098,-1
4099,-1
4100,-1
4101,-1
4102,-1
4103,-1
4104,-1
4105,-1
4106,-1
4107,-1
4108,-1
4109,-1
4110,-1
4111,-1
4112,-1
4113,-1
4114,-1
4115,-1
4116,-1
4117,-1
4118,-1
4119,-1
4120,-1
4121,-1
4122,-1
4123,-1
4124,-1
4125,-1
4126,-1
4127,-1
4128,-1
4129,-1
4130,-1
4131,-1
4132,-1
4133,-1
4134,-1
4135,-1
4136,-1
4137,-1
4138,-1
4139,-1
4140,-1
4141,-1
4142,-1
4143,-1
4144,-1
4145,-1
4146,-1
4147,-1
4148,-1
4149,-1
4150,-1
4151,-1
4152,-1
4153,-1
4154,-1
4155,-1
4156,-1
4157,-1
4158,-1
4159,-1
4160,-1
4161,-1
4162,-1
4163,-1
4164,-1
4165,-1
4166,-1
4167,-1
4168,-1
4169,-1
4170,-1
4171,-1
4172,-1
4173,-1
4174,-1
4175,-1
4176,-1
4177,-1
4178,-1
4179,-1
4180,-1
4181,-1
4182,-1
4183,-1
4184,-1
4185,-1
4186,-1
4187,-1
4188,-1
4189,-1
4190,-1
4191,-1
4192,-1
4193,-1
4194,-1
4195,-1
4196,-1
4197,-1
4198,-1
4199,-1
4200,-1
4201,-1
4202,-1
4203,-1
4204,-1
4205,-1
4206,-1
4207,-1
4208,-1
4209,-1
4210,-1
4211,-1
4212,-1
4213,-1
4214,-1
4215,-1
4216,-1
4217,-1
4218,-1
4219,-1
4220,-1
4221,-1
4222,-1
4223,-1
4224,-1
4225,-1
4226,-1
4227,-1
4228,-1
4229,-1
4230,-1
4231,-1
4232,-1
4233,-1
4234,-1
4235,-1
4236,-1
4237,-1
4238,-1
4239,-1
4240,-1
4241,-1
4242,-1
4243,-1
4244,-1
4245,-1
4246,-1
4247,-1
4248,-1
4249,-1
4250,-1
4251,-1
4252,-1
4253,-1
4254,-1
4255,-1
4256,-1
4257,-1
4258,-1
4259,-1
4260,-1
4261,-1
4262,-1
4263,-1
4264,-1
4265,-1
4266,-1
4267,-1
4268,-1
4269,-1
4270,-1
4271,-1
4272,-1
4273,-1
4274,-1
4275,-1
4276,-1
4277,-1
4278,-1
4279,-1
4280,-1
4281,-1
4282,-1
4283,-1
4284,-1
4285,-1
4286,-1
4287,-1
4288,-1
4289,-1
4290,-1
4291,-1
4292,-1
4293,-1
4294,-1
4295,-1
4296,-1
4297,-1
4298,-1
4299,-1
4300,-1
4301,-1
4302,-1
4303,-1
4304,-1
4305,-1
4306,-1
4307,-1
4308,-1
4309,-1
4310,-1
4311,-1
4312,-1
4313,-1
4314,-1
4315,-1
4316,-1
4317,-1
4318,-1
4319,-1
4320,-1
4321,-1
4322,-1
4323,-1
4324,-1
4325,-1
4326,-1
4327,-1
4328,-1
4329,-1
4330,-1
4331,-1
4332,-1
4333,-1
4334,-1
4335,-1
4336,-1
4337,-1
4338,-1
4339,-1
4340,-1
4341,-1
4342,-1
4343,-1
4344,-1
4345,-1
4346,-1
4347,-1
4348,-1
4349,-1
4350,-1
4351,-1
4352,-1
4353,-1
4354,-1
4355,-1
4356,-1
4357,-1
4358,-1
4359,-1
4360,-1
4361,-1
4362,-1
4363,-1
4364,-1
4365,-1
4366,-1
4367,-1
4368,-1
4369,-1
4370,-1
4371,-1
4372,-1
4373,-1
4374,-1
4375,-1
4376,-1
4377,-1
4378,-1
4379,-1
4380,-1
4381,-1
4382,-1
4383,-1
4384,-1
4385,-1
4386,-1
4387,-1
4388,-1
4389,-1
4390,-1
4391,-1
4392,-1
4393,-1
4394,-1
4395,-1
4396,-1
4397,-1
4398,-1
4399,-1
4400,-1
4401,-1
4402,-1
4403,-1
4404,-1
4405,-1
4406,-1
4407,-1
4408,-1
4409,-1
4410,-1
4411,-1
4412,-1
4413,-1
4414,-1
4415,-1
4416,-1
4417,-1
4418,-1
4419,-1
4420,-1
4421,-1
4422,-1
4423,-1
4424,-1
4425,-1
4426,-1
4427,-1
4428,-1
4429,-1
4430,-1
4431,-1
4432,-1
4433,-1
4434,-1
4435,-1
4436,-1
4437,-1
4438,-1
4439,-1
4440,-1
4441,-1
4442,-1
4443,-1
4444,-1
4445,-1
4446,-1
4447,-1
4448,-1
4449,-1
4450,-1
4451,-1
4452,-1
4453,-1
4454,-1
4455,-1
4456,-1
4457,-1
4458,-1
4459,-1
4460,-1
4461,-1
4462,-1
4463,-1
4464,-1
4465,-1
4466,-1
4467,-1
4468,-1
4469,-1
4470,-1
4471,-1
4472,-1
4473,-1
4474,-1
4475,-1
4476,-1
4477,-1
4478,-1
4479,-1
4480,-1
4481,-1
4482,-1
4483,-1
4484,-1
4485,-1
4486,-1
4487,-1
4488,-1
4489,-1
4490,-1
4491,-1
4492,-1
4493,-1
4494,-1
4495,-1
4496,-1
4497,-1
4498,-1
4499,-1
4500,-1
4501,-1
4502,-1
4503,-1
4504,-1
4505,-1
4506,-1
4507,-1
4508,-1
4509,-1
4510,-1
4511,-1
4512,-1
4513,-1
4514,-1
4515,-1
4516,-1
4517,-1
4518,-1
4519,-1
4520,-1
4521,-1
4522,-1
4523,-1
4524,-1
4525,-1
4526,-1
4527,-1
4528,-1
4529,-1
4530,-1
4531,-1
4532,-1
4533,-1
4534,-1
4535,-1
4536,-1
4537,-1
4538,-1
4539,-1
4540,-1
4541,-1
4542,-1
4543,-1
4544,-1
4545,-1
4546,-1
4547,-1
4548,-1
4549,-1
4550,-1
4551,-1
4552,-1
4553,-1
4554,-1
4555,-1
4556,-1
4557,-1
4558,-1
4559,-1
4560,-1
4561,-1
4562,-1
4563,-1
4564,-1
4565,-1
4566,-1
4567,-1
4568,-1
4569,-1
4570,-1
4571,-1
4572,-1
4573,-1
4574,-1
4575,-1
4576,-1
4577,-1
4578,-1
4579,-1
4580,-1
4581,-1
4582,-1
4583,-1
4584,-1
4585,-1
4586,-1
4587,-1
4588,-1
4589,-1
4590,-1
4591,-1
4592,-1
4593,-1
4594,-1
4595,-1
4596,-1
4597,-1
4598,-1
4599,-1
4600,-1
4601,-1
4602,-1
4603,-1
4604,-1
4605,-1
4606,-1
4607,-1
4608,-1
4609,-1
4610,-1
4611,-1
4612,-1
4613,-1
4614,-1
4615,-1
4616,-1
4617,-1
4618,-1
4619,-1
4620,-1
4621,-1
4622,-1
4623,-1
4624,-1
4625,-1
4626,-1
4627,-1
4628,-1
4629,-1
4630,-1
4631,-1
4632,-1
4633,-1
4634,-1
4635,-1
4636,-1
4637,-1
4638,-1
4639,-1
4640,-1
4641,-1
4642,-1
4643,-1
4644,-1
4645,-1
4646,-1
4647,-1
4648,-1
4649,-1
4650,-1
4651,-1
4652,-1
4653,-1
4654,-1
4655,-1
4656,-1
4657,-1
4658,-1
4659,-1
4660,-1
4661,-1
4662,-1
4663,-1
4664,-1
4665,-1
4666,-1
4667,-1
4668,-1
4669,-1
4670,-1
4671,-1
4672,-1
4673,-1
4674,-1
4675,-1
4676,-1
4677,-1
4678,-1
4679,-1
4680,-1
4681,-1
4682,-1
4683,-1
4684,-1
4685,-1
4686,-1
4687,-1
4688,-1
4689,-1
4690,-1
4691,-1
4692,-1
4693,-1
4694,-1
4695,-1
4696,-1
4697,-1
4698,-1
4699,-1
4700,-1
4701,-1
4702,-1
4703,-1
4704,-1
4705,-1
4706,-1
4707,-1
4708,-1
4709,-1
4710,-1
4711,-1
4712,-1
4713,-1
4714,-1
4715,-1
4716,-1
4717,-1
4718,-1
4719,-1
4720,-1
4721,-1
4722,-1
4723,-1
4724,-1
4725,-1
4726,-1
4727,-1
4728,-1
4729,-1
4730,-1
4731,-1
4732,-1
4733,-1
4734,-1
4735,-1
4736,-1
4737,-1
4738,-1
4739,-1
4740,-1
4741,-1
4742,-1
4743,-1
4744,-1
4745,-1
4746,-1
4747,-1
4748,-1
4749,-1
4750,-1
4751,-1
4752,-1
4753,-1
4754,-1
4755,-1
4756,-1
4757,-1
4758,-1
4759,-1
4760,-1
4761,-1
4762,-1
4763,-1
4764,-1
4765,-1
4766,-1
4767,-1
4768,-1
4769,-1
4770,-1
4771,-1
4772,-1
4773,-1
4774,-1
4775,-1
4776,-1
4777,-1
4778,-1
4779,-1
4780,-1
4781,-1
4782,-1
4783,-1
4784,-1
4785,-1
4786,-1
4787,-1
4788,-1
4789,-1
4790,-1
4791,-1
4792,-1
4793,-1
4794,-1
4795,-1
4796,-1
4797,-1
4798,-1
4799,-1
4800,-1
4801,-1
4802,-1
4803,-1
4804,-1
4805,-1
4806,-1
4807,-1
4808,-1
4809,-1
4810,-1
4811,-1
4812,-1
4813,-1
4814,-1
4815,-1
4816,-1
4817,-1
4818,-1
4819,-1
4820,-1
4821,-1
4822,-1
4823,-1
4824,-1
4825,-1
4826,-1
4827,-1
4828,-1
4829,-1
4830,-1
4831,-1
4832,-1
4833,-1
4834,-1
4835,-1
4836,-1
4837,-1
4838,-1
4839,-1
4840,-1
4841,-1
4842,-1
4843,-1
4844,-1
4845,-1
4846,-1
4847,-1
4848,-1
4849,-1
4850,-1
4851,-1
4852,-1
4853,-1
4854,-1
4855,-1
4856,-1
4857,-1
4858,-1
4859,-1
4860,-1
4861,-1
4862,-1
4863,-1
4864,-1
4865,-1
4866,-1
4867,-1
4868,-1
4869,-1
4870,-1
4871,-1
4872,-1
4873,-1
4874,-1
4875,-1
4876,-1
4877,-1
4878,-1
4879,-1
4880,-1
4881,-1
4882,-1
4883,-1
4884,-1
4885,-1
4886,-1
4887,-1
4888,-1
4889,-1
4890,-1
4891,-1
4892,-1
4893,-1
4894,-1
4895,-1
4896,-1
4897,-1
4898,-1
4899,-1
4900,-1
4901,-1
4902,-1
4903,-1
4904,-1
4905,-1
4906,-1
4907,-1
4908,-1
4909,-1
4910,-1
4911,-1
4912,-1
4913,-1
4914,-1
4915,-1
4916,-1
4917,-1
4918,-1
4919,-1
4920,-1
4921,-1
4922,-1
4923,-1
4924,-1
4925,-1
4926,-1
4927,-1
4928,-1
4929,-1
4930,-1
4931,-1
4932,-1
4933,-1
4934,-1
4935,-1
4936,-1
4937,-1
4938,-1
4939,-1
4940,-1
4941,-1
4942,-1
4943,-1
4944,-1
4945,-1
4946,-1
4947,-1
4948,-1
4949,-1
4950,-1
4951,-1
4952,-1
4953,-1
4954,-1
4955,-1
4956,-1
4957,-1
4958,-1
4959,-1
4960,-1
4961,-1
4962,-1
4963,-1
4964,-1
4965,-1
4966,-1
4967,-1
4968,-1
4969,-1
4970,-1
4971,-1
4972,-1
4973,-1
4974,-1
4975,-1
4976,-1
4977,-1
4978,-1
4979,-1
4980,-1
4981,-1
4982,-1
4983,-1
4984,-1
4985,-1
4986,-1
4987,-1
4988,-1
4989,-1
4990,-1
4991,-1
4992,-1
4993,-1
4994,-1
4995,-1
4996,-1
4997,-1
4998,-1
4999,-1
5000,-1
5001,-1
5002,-1
5003,-1
5004,-1
5005,-1
5006,-1
5007,-1
5008,-1
5009,-1
5010,-1
5011,-1
5012,-1
5013,-1
5014,-1
5015,-1
5016,-1
5017,-1
5018,-1
5019,-1
5020,-1
5021,-1
5022,-1
5023,-1
5024,-1
5025,-1
5026,-1
5027,-1
5028,-1
5029,-1
5030,-1
5031,-1
5032,-1
5033,-1
5034,-1
5035,-1
5036,-1
5037,-1
5038,-1
5039,-1
5040,-1
5041,-1
5042,-1
5043,-1
5044,-1
5045,-1
5046,-1
5047,-1
5048,-1
5049,-1
5050,-1
5051,-1
5052,-1
5053,-1
5054,-1
5055,-1
5056,-1
5057,-1
5058,-1
5059,-1
5060,-1
5061,-1
5062,-1
5063,-1
5064,-1
5065,-1
5066,-1
5067,-1
5068,-1
5069,-1
5070,-1
5071,-1
5072,-1
5073,-1
5074,-1
5075,-1
5076,-1
5077,-1
5078,-1
5079,-1
5080,-1
5081,-1
5082,-1
5083,-1
5084,-1
5085,-1
5086,-1
5087,-1
5088,-1
5089,-1
5090,-1
5091,-1
5092,-1
5093,-1
5094,-1
5095,-1
5096,-1
5097,-1
5098,-1
5099,-1
5100,-1
5101,-1
5102,-1
5103,-1
5104,-1
5105,-1
5106,-1
5107,-1
5108,-1
5109,-1
5110,-1
5111,-1
5112,-1
5113,-1
5114,-1
5115,-1
5116,-1
5117,-1
5118,-1
5119,-1
5120,-1
5121,-1
5122,-1
5123,-1
5124,-1
5125,-1
5126,-1
5127,-1
5128,-1
5129,-1
5130,-1
5131,-1
5132,-1
5133,-1
5134,-1
5135,-1
5136,-1
5137,-1
5138,-1
5139,-1
5140,-1
5141,-1
5142,-1
5143,-1
5144,-1
5145,-1
5146,-1
5147,-1
5148,-1
5149,-1
5150,-1
5151,-1
5152,-1
5153,-1
5154,-1
5155,-1
5156,-1
5157,-1
5158,-1
5159,-1
5160,-1
5161,-1
5162,-1
5163,-1
5164,-1
5165,-1
5166,-1
5167,-1
5168,-1
5169,-1
5170,-1
5171,-1
5172,-1
5173,-1
5174,-1
5175,-1
5176,-1
5177,-1
5178,-1
5179,-1
5180,-1
5181,-1
5182,-1
5183,-1
5184,-1
5185,-1
5186,-1
5187,-1
5188,-1
5189,-1
5190,-1
5191,-1
5192,-1
5193,-1
5194,-1
5195,-1
5196,-1
5197,-1
5198,-1
5199,-1
5200,-1
5201,-1
5202,-1
5203,-1
5204,-1
5205,-1
5206,-1
5207,-1
5208,-1
5209,-1
5210,-1
5211,-1
5212,-1
5213,-1
5214,-1
5215,-1
5216,-1
5217,-1
5218,-1
5219,-1
5220,-1
5221,-1
5222,-1
5223,-1
5224,-1
5225,-1
5226,-1
5227,-1
5228,-1
5229,-1
5230,-1
5231,-1
5232,-1
5233,-1
5234,-1
5235,-1
5236,-1
5237,-1
5238,-1
5239,-1
5240,-1
5241,-1
5242,-1
5243,-1
5244,-1
5245,-1
5246,-1
5247,-1
5248,-1
5249,-1
5250,-1
5251,-1
5252,-1
5253,-1
5254,-1
5255,-1
5256,-1
5257,-1
5258,-1
5259,-1
5260,-1
5261,-1
5262,-1
5263,-1
5264,-1
5265,-1
5266,-1
5267,-1
5268,-1
5269,-1
5270,-1
5271,-1
5272,-1
5273,-1
5274,-1
5275,-1
5276,-1
5277,-1
5278,-1
5279,-1
5280,-1
5281,-1
5282,-1
5283,-1
5284,-1
5285,-1
5286,-1
5287,-1
5288,-1
5289,-1
5290,-1
5291,-1
5292,-1
5293,-1
5294,-1
5295,-1
5296,-1
5297,-1
5298,-1
5299,-1
5300,-1
5301,-1
5302,-1
5303,-1
5304,-1
5305,-1
5306,-1
5307,-1
5308,-1
5309,-1
5310,-1
5311,-1
5312,-1
5313,-1
5314,-1
5315,-1
5316,-1
5317,-1
5318,-1
5319,-1
5320,-1
5321,-1
5322,-1
5323,-1
5324,-1
5325,-1
5326,-1
5327,-1
5328,-1
5329,-1
5330,-1
5331,-1
5332,-1
5333,-1
5334,-1
5335,-1
5336,-1
5337,-1
5338,-1
5339,-1
5340,-1
5341,-1
5342,-1
5343,-1
5344,-1
5345,-1
5346,-1
5347,-1
5348,-1
5349,-1
5350,-1
5351,-1
5352,-1
5353,-1
5354,-1
5355,-1
5356,-1
5357,-1
5358,-1
5359,-1
5360,-1
5361,-1
5362,-1
5363,-1
5364,-1
5365,-1
5366,-1
5367,-1
5368,-1
5369,-1
5370,-1
5371,-1
5372,-1
5373,-1
5374,-1
5375,-1
5376,-1
5377,-1
5378,-1
5379,-1
5380,-1
5381,-1
5382,-1
5383,-1
5384,-1
5385,-1
5386,-1
5387,-1
5388,-1
5389,-1
5390,-1
5391,-1
5392,-1
5393,-1
5394,-1
5395,-1
5396,-1
5397,-1
5398,-1
5399,-1
5400,-1
5401,-1
5402,-1
5403,-1
5404,-1
5405,-1
5406,-1
5407,-1
5408,-1
5409,-1
5410,-1
5411,-1
5412,-1
5413,-1
5414,-1
5415,-1
5416,-1
5417,-1
5418,-1
5419,-1
5420,-1
5421,-1
5422,-1
5423,-1
5424,-1
5425,-1
5426,-1
5427,-1
5428,-1
5429,-1
5430,-1
5431,-1
5432,-1
5433,-1
5434,-1
5435,-1
5436,-1
5437,-1
5438,-1
5439,-1
5440,-1
5441,-1
5442,-1
5443,-1
5444,-1
5445,-1
5446,-1
5447,-1
5448,-1
5449,-1
5450,-1
5451,-1
5452,-1
5453,-1
5454,-1
5455,-1
5456,-1
5457,-1
5458,-1
5459,-1
5460,-1
5461,-1
5462,-1
5463,-1
5464,-1
5465,-1
5466,-1
5467,-1
5468,-1
5469,-1
5470,-1
5471,-1
5472,-1
5473,-1
5474,-1
5475,-1
5476,-1
5477,-1
5478,-1
5479,-1
5480,-1
5481,-1
5482,-1
5483,-1
5484,-1
5485,-1
5486,-1
5487,-1
5488,-1
5489,-1
5490,-1
5491,-1
5492,-1
5493,-1
5494,-1
5495,-1
5496,-1
5497,-1
5498,-1
5499,-1
5500,-1
5501,-1
5502,-1
5503,-1
5504,-1
5505,-1
5506,-1
5507,-1
5508,-1
5509,-1
5510,-1
5511,-1
5512,-1
5513,-1
5514,-1
5515,-1
5516,-1
5517,-1
5518,-1
5519,-1
5520,-1
5521,-1
5522,-1
5523,-1
5524,-1
5525,-1
5526,-1
5527,-1
5528,-1
5529,-1
5530,-1
5531,-1
5532,-1
5533,-1
5534,-1
5535,-1
5536,-1
5537,-1
5538,-1
5539,-1
5540,-1
5541,-1
5542,-1
5543,-1
5544,-1
5545,-1
5546,-1
5547,-1
5548,-1
5549,-1
5550,-1
5551,-1
5552,-1
5553,-1
5554,-1
5555,-1
5556,-1
5557,-1
5558,-1
5559,-1
5560,-1
5561,-1
5562,-1
5563,-1
5564,-1
5565,-1
5566,-1
5567,-1
5568,-1
5569,-1
5570,-1
5571,-1
5572,-1
5573,-1
5574,-1
5575,-1
5576,-1
5577,-1
5578,-1
5579,-1
5580,-1
5581,-1
5582,-1
5583,-1
5584,-1
5585,-1
5586,-1
5587,-1
5588,-1
5589,-1
5590,-1
5591,-1
5592,-1
5593,-1
5594,-1
5595,-1
5596,-1
5597,-1
5598,-1
5599,-1
5600,-1
5601,-1
5602,-1
5603,-1
5604,-1
5605,-1
5606,-1
5607,-1
5608,-1
5609,-1
5610,-1
5611,-1
5612,-1
5613,-1
5614,-1
5615,-1
5616,-1
5617,-1
5618,-1
5619,-1
5620,-1
5621,-1
5622,-1
5623,-1
5624,-1
5625,-1
5626,-1
5627,-1
5628,-1
5629,-1
5630,-1
5631,-1
5632,-1
5633,-1
5634,-1
5635,-1
5636,-1
5637,-1
5638,-1
5639,-1
5640,-1
5641,-1
5642,-1
5643,-1
5644,-1
5645,-1
5646,-1
5647,-1
5648,-1
5649,-1
5650,-1
5651,-1
5652,-1
5653,-1
5654,-1
5655,-1
5656,-1
5657,-1
5658,-1
5659,-1
5660,-1
5661,-1
5662,-1
5663,-1
5664,-1
5665,-1
5666,-1
5667,-1
5668,-1
5669,-1
5670,-1
5671,-1
5672,-1
5673,-1
5674,-1
5675,-1
5676,-1
5677,-1
5678,-1
5679,-1
5680,-1
5681,-1
5682,-1
5683,-1
5684,-1
5685,-1
5686,-1
5687,-1
5688,-1
5689,-1
5690,-1
5691,-1
5692,-1
5693,-1
5694,-1
5695,-1
5696,-1
5697,-1
5698,-1
5699,-1
5700,-1
5701,-1
5702,-1
5703,-1
5704,-1
5705,-1
5706,-1
5707,-1
5708,-1
5709,-1
5710,-1
5711,-1
5712,-1
5713,-1
5714,-1
5715,-1
5716,-1
5717,-1
5718,-1
5719,-1
5720,-1
5721,-1
5722,-1
5723,-1
5724,-1
5725,-1
5726,-1
5727,-1
5728,-1
5729,-1
5730,-1
5731,-1
5732,-1
5733,-1
5734,-1
5735,-1
5736,-1
5737,-1
5738,-1
5739,-1
5740,-1
5741,-1
5742,-1
5743,-1
5744,-1
5745,-1
5746,-1
5747,-1
5748,-1
5749,-1
5750,-1
5751,-1
5752,-1
5753,-1
5754,-1
5755,-1
5756,-1
5757,-1
5758,-1
5759,-1
5760,-1
5761,-1
5762,-1
5763,-1
5764,-1
5765,-1
5766,-1
5767,-1
5768,-1
5769,-1
5770,-1
5771,-1
5772,-1
5773,-1
5774,-1
5775,-1
5776,-1
5777,-1
5778,-1
5779,-1
5780,-1
5781,-1
5782,-1
5783,-1
5784,-1
5785,-1
5786,-1
5787,-1
5788,-1
5789,-1
5790,-1
5791,-1
5792,-1
5793,-1
5794,-1
5795,-1
5796,-1
5797,-1
5798,-1
5799,-1
5800,-1
5801,-1
5802,-1
5803,-1
5804,-1
5805,-1
5806,-1
5807,-1
5808,-1
5809,-1
5810,-1
5811,-1
5812,-1
5813,-1
5814,-1
5815,-1
5816,-1
5817,-1
5818,-1
5819,-1
5820,-1
5821,-1
5822,-1
5823,-1
5824,-1
5825,-1
5826,-1
5827,-1
5828,-1
5829,-1
5830,-1
5831,-1
5832,-1
5833,-1
5834,-1
5835,-1
5836,-1
5837,-1
5838,-1
5839,-1
5840,-1
5841,-1
5842,-1
5843,-1
5844,-1
5845,-1
5846,-1
5847,-1
5848,-1
5849,-1
5850,-1
5851,-1
5852,-1
5853,-1
5854,-1
5855,-1
5856,-1
5857,-1
5858,-1
5859,-1
5860,-1
5861,-1
5862,-1
5863,-1
5864,-1
5865,-1
5866,-1
5867,-1
5868,-1
5869,-1
5870,-1
5871,-1
5872,-1
5873,-1
5874,-1
5875,-1
5876,-1
5877,-1
5878,-1
5879,-1
5880,-1
5881,-1
5882,-1
5883,-1
5884,-1
5885,-1
5886,-1
5887,-1
5888,-1
5889,-1
5890,-1
5891,-1
5892,-1
5893,-1
5894,-1
5895,-1
5896,-1
5897,-1
5898,-1
5899,-1
5900,-1
5901,-1
5902,-1
5903,-1
5904,-1
5905,-1
5906,-1
5907,-1
5908,-1
5909,-1
5910,-1
5911,-1
5912,-1
5913,-1
5914,-1
5915,-1
5916,-1
5917,-1
5918,-1
5919,-1
5920,-1
5921,-1
5922,-1
5923,-1
5924,-1
5925,-1
5926,-1
5927,-1
5928,-1
5929,-1
5930,-1
5931,-1
5932,-1
5933,-1
5934,-1
5935,-1
5936,-1
5937,-1
5938,-1
5939,-1
5940,-1
5941,-1
5942,-1
5943,-1
5944,-1
5945,-1
5946,-1
5947,-1
5948,-1
5949,-1
5950,-1
5951,-1
5952,-1
5953,-1
5954,-1
5955,-1
5956,-1
5957,-1
5958,-1
5959,-1
5960,-1
5961,-1
5962,-1
5963,-1
5964,-1
5965,-1
5966,-1
5967,-1
5968,-1
5969,-1
5970,-1
5971,-1
5972,-1
5973,-1
5974,-1
5975,-1
5976,-1
5977,-1
5978,-1
5979,-1
5980,-1
5981,-1
5982,-1
5983,-1
5984,-1
5985,-1
5986,-1
5987,-1
5988,-1
5989,-1
5990,-1
5991,-1
5992,-1
5993,-1
5994,-1
5995,-1
5996,-1
5997,-1
5998,-1
5999,-1
6000,-1
6001,-1
6002,-1
6003,-1
6004,-1
6005,-1
6006,-1
6007,-1
6008,-1
6009,-1
6010,-1
6011,-1
6012,-1
6013,-1
6014,-1
6015,-1
6016,-1
6017,-1
6018,-1
6019,-1
6020,-1
6021,-1
6022,-1
6023,-1
6024,-1
6025,-1
6026,-1
6027,-1
6028,-1
6029,-1
6030,-1
6031,-1
6032,-1
6033,-1
6034,-1
6035,-1
6036,-1
6037,-1
6038,-1
6039,-1
6040,-1
6041,-1
6042,-1
6043,-1
6044,-1
6045,-1
6046,-1
6047,-1
6048,-1
6049,-1
6050,-1
6051,-1
6052,-1
6053,-1
6054,-1
6055,-1
6056,-1
6057,-1
6058,-1
6059,-1
6060,-1
6061,-1
6062,-1
6063,-1
6064,-1
6065,-1
6066,-1
6067,-1
6068,-1
6069,-1
6070,-1
6071,-1
6072,-1
6073,-1
6074,-1
6075,-1
6076,-1
6077,-1
6078,-1
6079,-1
6080,-1
6081,-1
6082,-1
6083,-1
6084,-1
6085,-1
6086,-1
6087,-1
6088,-1
6089,-1
6090,-1
6091,-1
6092,-1
6093,-1
6094,-1
6095,-1
6096,-1
6097,-1
6098,-1
6099,-1
6100,-1
6101,-1
6102,-1
6103,-1
6104,-1
6105,-1
6106,-1
6107,-1
6108,-1
6109,-1
6110,-1
6111,-1
6112,-1
6113,-1
6114,-1
6115,-1
6116,-1
6117,-1
6118,-1
6119,-1
6120,-1
6121,-1
6122,-1
6123,-1
6124,-1
6125,-1
6126,-1
6127,-1
6128,-1
6129,-1
6130,-1
6131,-1
6132,-1
6133,-1
6134,-1
6135,-1
6136,-1
6137,-1
6138,-1
6139,-1
6140,-1
6141,-1
6142,-1
6143,-1
6144,-1
6145,-1
6146,-1
6147,-1
6148,-1
6149,-1
6150,-1
6151,-1
6152,-1
6153,-1
6154,-1
6155,-1
6156,-1
6157,-1
6158,-1
6159,-1
6160,-1
6161,-1
6162,-1
6163,-1
6164,-1
6165,-1
6166,-1
6167,-1
6168,-1
6169,-1
6170,-1
6171,-1
6172,-1
6173,-1
6174,-1
6175,-1
6176,-1
6177,-1
6178,-1
6179,-1
6180,-1
6181,-1
6182,-1
6183,-1
6184,-1
6185,-1
6186,-1
6187,-1
6188,-1
6189,-1
6190,-1
6191,-1
6192,-1
6193,-1
6194,-1
6195,-1
6196,-1
6197,-1
6198,-1
6199,-1
6200,-1
6201,-1
6202,-1
6203,-1
6204,-1
6205,-1
6206,-1
6207,-1
6208,-1
6209,-1
6210,-1
6211,-1
6212,-1
6213,-1
6214,-1
6215,-1
6216,-1
6217,-1
6218,-1
6219,-1
6220,-1
6221,-1
6222,-1
6223,-1
6224,-1
6225,-1
6226,-1
6227,-1
6228,-1
6229,-1
6230,-1
6231,-1
6232,-1
6233,-1
6234,-1
6235,-1
6236,-1
6237,-1
6238,-1
6239,-1
6240,-1
6241,-1
6242,-1
6243,-1
6244,-1
6245,-1
6246,-1
6247,-1
6248,-1
6249,-1
6250,-1
6251,-1
6252,-1
6253,-1
6254,-1
6255,-1
6256,-1
6257,-1
6258,-1
6259,-1
6260,-1
6261,-1
6262,-1
6263,-1
6264,-1
6265,-1
6266,-1
6267,-1
6268,-1
6269,-1
6270,-1
6271,-1
6272,-1
6273,-1
6274,-1
6275,-1
6276,-1
6277,-1
6278,-1
6279,-1
6280,-1
6281,-1
6282,-1
6283,-1
6284,-1
6285,-1
6286,-1
6287,-1
6288,-1
6289,-1
6290,-1
6291,-1
6292,-1
6293,-1
6294,-1
6295,-1
6296,-1
6297,-1
6298,-1
6299,-1
6300,-1
6301,-1
6302,-1
6303,-1
6304,-1
6305,-1
6306,-1
6307,-1
6308,-1
6309,-1
6310,-1
6311,-1
6312,-1
6313,-1
6314,-1
6315,-1
6316,-1
6317,-1
6318,-1
6319,-1
6320,-1
6321,-1
6322,-1
6323,-1
6324,-1
6325,-1
6326,-1
6327,-1
6328,-1
6329,-1
6330,-1
6331,-1
6332,-1
6333,-1
6334,-1
6335,-1
6336,-1
6337,-1
6338,-1
6339,-1
6340,-1
6341,-1
6342,-1
6343,-1
6344,-1
6345,-1
6346,-1
6347,-1
6348,-1
6349,-1
6350,-1
6351,-1
6352,-1
6353,-1
6354,-1
6355,-1
6356,-1
6357,-1
6358,-1
6359,-1
6360,-1
6361,-1
6362,-1
6363,-1
6364,-1
6365,-1
6366,-1
6367,-1
6368,-1
6369,-1
6370,-1
6371,-1
6372,-1
6373,-1
6374,-1
6375,-1
6376,-1
6377,-1
6378,-1
6379,-1
6380,-1
6381,-1
6382,-1
6383,-1
6384,-1
6385,-1
6386,-1
6387,-1
6388,-1
6389,-1
6390,-1
6391,-1
6392,-1
6393,-1
6394,-1
6395,-1
6396,-1
6397,-1
6398,-1
6399,-1
6400,-1
6401,-1
6402,-1
6403,-1
6404,-1
6405,-1
6406,-1
6407,-1
6408,-1
6409,-1
6410,-1
6411,-1
6412,-1
6413,-1
6414,-1
6415,-1
6416,-1
6417,-1
6418,-1
6419,-1
6420,-1
6421,-1
6422,-1
6423,-1
6424,-1
6425,-1
6426,-1
6427,-1
6428,-1
6429,-1
6430,-1
6431,-1
6432,-1
6433,-1
6434,-1
6435,-1
6436,-1
6437,-1
6438,-1
6439,-1
6440,-1
6441,-1
6442,-1
6443,-1
6444,-1
6445,-1
6446,-1
6447,-1
6448,-1
6449,-1
6450,-1
6451,-1
6452,-1
6453,-1
6454,-1
6455,-1
6456,-1
6457,-1
6458,-1
6459,-1
6460,-1
6461,-1
6462,-1
6463,-1
6464,-1
6465,-1
6466,-1
6467,-1
6468,-1
6469,-1
6470,-1
6471,-1
6472,-1
6473,-1
6474,-1
6475,-1
6476,-1
6477,-1
6478,-1
6479,-1
6480,-1
6481,-1
6482,-1
6483,-1
6484,-1
6485,-1
6486,-1
6487,-1
6488,-1
6489,-1
6490,-1
6491,-1
6492,-1
6493,-1
6494,-1
6495,-1
6496,-1
6497,-1
6498,-1
6499,-1
6500,-1
6501,-1
6502,-1
6503,-1
6504,-1
6505,-1
6506,-1
6507,-1
6508,-1
6509,-1
6510,-1
6511,-1
6512,-1
6513,-1
6514,-1
6515,-1
6516,-1
6517,-1
6518,-1
6519,-1
6520,-1
6521,-1
6522,-1
6523,-1
6524,-1
6525,-1
6526,-1
6527,-1
6528,-1
6529,-1
6530,-1
6531,-1
6532,-1
6533,-1
6534,-1
6535,-1
6536,-1
6537,-1
6538,-1
6539,-1
6540,-1
6541,-1
6542,-1
6543,-1
6544,-1
6545,-1
6546,-1
6547,-1
6548,-1
6549,-1
6550,-1
6551,-1
6552,-1
6553,-1
6554,-1
6555,-1
6556,-1
6557,-1
6558,-1
6559,-1
6560,-1
6561,-1
6562,-1
6563,-1
6564,-1
6565,-1
6566,-1
6567,-1
6568,-1
6569,-1
6570,-1
6571,-1
6572,-1
6573,-1
6574,-1
6575,-1
6576,-1
6577,-1
6578,-1
6579,-1
6580,-1
6581,-1
6582,-1
6583,-1
6584,-1
6585,-1
6586,-1
6587,-1
6588,-1
6589,-1
6590,-1
6591,-1
6592,-1
6593,-1
6594,-1
6595,-1
6596,-1
6597,-1
6598,-1
6599,-1
6600,-1
6601,-1
6602,-1
6603,-1
6604,-1
6605,-1
6606,-1
6607,-1
6608,-1
6609,-1
6610,-1
6611,-1
6612,-1
6613,-1
6614,-1
6615,-1
6616,-1
6617,-1
6618,-1
6619,-1
6620,-1
6621,-1
6622,-1
6623,-1
6624,-1
6625,-1
6626,-1
6627,-1
6628,-1
6629,-1
6630,-1
6631,-1
6632,-1
6633,-1
6634,-1
6635,-1
6636,-1
6637,-1
6638,-1
6639,-1
6640,-1
6641,-1
6642,-1
6643,-1
6644,-1
6645,-1
6646,-1
6647,-1
6648,-1
6649,-1
6650,-1
6651,-1
6652,-1
6653,-1
6654,-1
6655,-1
6656,-1
6657,-1
6658,-1
6659,-1
6660,-1
6661,-1
6662,-1
6663,-1
6664,-1
6665,-1
6666,-1
6667,-1
6668,-1
6669,-1
6670,-1
6671,-1
6672,-1
6673,-1
6674,-1
6675,-1
6676,-1
6677,-1
6678,-1
6679,-1
6680,-1
6681,-1
6682,-1
6683,-1
6684,-1
6685,-1
6686,-1
6687,-1
6688,-1
6689,-1
6690,-1
6691,-1
6692,-1
6693,-1
6694,-1
6695,-1
6696,-1
6697,-1
6698,-1
6699,-1
6700,-1
6701,-1
6702,-1
6703,-1
6704,-1
6705,-1
6706,-1
6707,-1
6708,-1
6709,-1
6710,-1
6711,-1
6712,-1
6713,-1
6714,-1
6715,-1
6716,-1
6717,-1
6718,-1
6719,-1
6720,-1
6721,-1
6722,-1
6723,-1
6724,-1
6725,-1
6726,-1
6727,-1
6728,-1
6729,-1
6730,-1
6731,-1
6732,-1
6733,-1
6734,-1
6735,-1
6736,-1
6737,-1
6738,-1
6739,-1
6740,-1
6741,-1
6742,-1
6743,-1
6744,-1
6745,-1
6746,-1
6747,-1
6748,-1
6749,-1
6750,-1
6751,-1
6752,-1
6753,-1
6754,-1
6755,-1
6756,-1
6757,-1
6758,-1
6759,-1
6760,-1
6761,-1
6762,-1
6763,-1
6764,-1
6765,-1
6766,-1
6767,-1
6768,-1
6769,-1
6770,-1
6771,-1
6772,-1
6773,-1
6774,-1
6775,-1
6776,-1
6777,-1
6778,-1
6779,-1
6780,-1
6781,-1
6782,-1
6783,-1
6784,-1
6785,-1
6786,-1
6787,-1
6788,-1
6789,-1
6790,-1
6791,-1
6792,-1
6793,-1
6794,-1
6795,-1
6796,-1
6797,-1
6798,-1
6799,-1
6800,-1
6801,-1
6802,-1
6803,-1
6804,-1
6805,-1
6806,-1
6807,-1
6808,-1
6809,-1
6810,-1
6811,-1
6812,-1
6813,-1
6814,-1
6815,-1
6816,-1
6817,-1
6818,-1
6819,-1
6820,-1
6821,-1
6822,-1
6823,-1
6824,-1
6825,-1
6826,-1
6827,-1
6828,-1
6829,-1
6830,-1
6831,-1
6832,-1
6833,-1
6834,-1
6835,-1
6836,-1
6837,-1
6838,-1
6839,-1
6840,-1
6841,-1
6842,-1
6843,-1
6844,-1
6845,-1
6846,-1
6847,-1
6848,-1
6849,-1
6850,-1
6851,-1
6852,-1
6853,-1
6854,-1
6855,-1
6856,-1
6857,-1
6858,-1
6859,-1
6860,-1
6861,-1
6862,-1
6863,-1
6864,-1
6865,-1
6866,-1
6867,-1
6868,-1
6869,-1
6870,-1
6871,-1
6872,-1
6873,-1
6874,-1
6875,-1
6876,-1
6877,-1
6878,-1
6879,-1
6880,-1
6881,-1
6882,-1
6883,-1
6884,-1
6885,-1
6886,-1
6887,-1
6888,-1
6889,-1
6890,-1
6891,-1
6892,-1
6893,-1
6894,-1
6895,-1
6896,-1
6897,-1
6898,-1
6899,-1
6900,-1
6901,-1
6902,-1
6903,-1
6904,-1
6905,-1
6906,-1
6907,-1
6908,-1
6909,-1
6910,-1
6911,-1
6912,-1
6913,-1
6914,-1
6915,-1
6916,-1
6917,-1
6918,-1
6919,-1
6920,-1
6921,-1
6922,-1
6923,-1
6924,-1
6925,-1
6926,-1
6927,-1
6928,-1
6929,-1
6930,-1
6931,-1
6932,-1
6933,-1
6934,-1
6935,-1
6936,-1
6937,-1
6938,-1
6939,-1
6940,-1
6941,-1
6942,-1
6943,-1
6944,-1
6945,-1
6946,-1
6947,-1
6948,-1
6949,-1
6950,-1
6951,-1
6952,-1
6953,-1
6954,-1
6955,-1
6956,-1
6957,-1
6958,-1
6959,-1
6960,-1
6961,-1
6962,-1
6963,-1
6964,-1
6965,-1
6966,-1
6967,-1
6968,-1
6969,-1
6970,-1
6971,-1
6972,-1
6973,-1
6974,-1
6975,-1
6976,-1
6977,-1
6978,-1
6979,-1
6980,-1
6981,-1
6982,-1
6983,-1
6984,-1
6985,-1
6986,-1
6987,-1
6988,-1
6989,-1
6990,-1
6991,-1
6992,-1
6993,-1
6994,-1
6995,-1
6996,-1
6997,-1
6998,-1
6999,-1
7000,-1
7001,-1
7002,-1
7003,-1
7004,-1
7005,-1
7006,-1
7007,-1
7008,-1
7009,-1
7010,-1
7011,-1
7012,-1
7013,-1
7014,-1
7015,-1
7016,-1
7017,-1
7018,-1
7019,-1
7020,-1
7021,-1
7022,-1
7023,-1
7024,-1
7025,-1
7026,-1
7027,-1
7028,-1
7029,-1
7030,-1
7031,-1
7032,-1
7033,-1
7034,-1
7035,-1
7036,-1
7037,-1
7038,-1
7039,-1
7040,-1
7041,-1
7042,-1
7043,-1
7044,-1
7045,-1
7046,-1
7047,-1
7048,-1
7049,-1
7050,-1
7051,-1
7052,-1
7053,-1
7054,-1
7055,-1
7056,-1
7057,-1
7058,-1
7059,-1
7060,-1
7061,-1
7062,-1
7063,-1
7064,-1
7065,-1
7066,-1
7067,-1
7068,-1
7069,-1
7070,-1
7071,-1
7072,-1
7073,-1
7074,-1
7075,-1
7076,-1
7077,-1
7078,-1
7079,-1
7080,-1
7081,-1
7082,-1
7083,-1
7084,-1
7085,-1
7086,-1
7087,-1
7088,-1
7089,-1
7090,-1
7091,-1
7092,-1
7093,-1
7094,-1
7095,-1
7096,-1
7097,-1
7098,-1
7099,-1
7100,-1
7101,-1
7102,-1
7103,-1
7104,-1
7105,-1
7106,-1
7107,-1
7108,-1
7109,-1
7110,-1
7111,-1
7112,-1
7113,-1
7114,-1
7115,-1
7116,-1
7117,-1
7118,-1
7119,-1
7120,-1
7121,-1
7122,-1
7123,-1
7124,-1
7125,-1
7126,-1
7127,-1
7128,-1
7129,-1
7130,-1
7131,-1
7132,-1
7133,-1
7134,-1
7135,-1
7136,-1
7137,-1
7138,-1
7139,-1
7140,-1
7141,-1
7142,-1
7143,-1
7144,-1
7145,-1
7146,-1
7147,-1
7148,-1
7149,-1
7150,-1
7151,-1
7152,-1
7153,-1
7154,-1
7155,-1
7156,-1
7157,-1
7158,-1
7159,-1
7160,-1
7161,-1
7162,-1
7163,-1
7164,-1
7165,-1
7166,-1
7167,-1
7168,-1
7169,-1
7170,-1
7171,-1
7172,-1
7173,-1
7174,-1
7175,-1
7176,-1
7177,-1
7178,-1
7179,-1
7180,-1
7181,-1
7182,-1
7183,-1
7184,-1
7185,-1
7186,-1
7187,-1
7188,-1
7189,-1
7190,-1
7191,-1
7192,-1
7193,-1
7194,-1
7195,-1
7196,-1
7197,-1
7198,-1
7199,-1
7200,-1
7201,-1
7202,-1
7203,-1
7204,-1
7205,-1
7206,-1
7207,-1
7208,-1
7209,-1
7210,-1
7211,-1
7212,-1
7213,-1
7214,-1
7215,-1
7216,-1
7217,-1
7218,-1
7219,-1
7220,-1
7221,-1
7222,-1
7223,-1
7224,-1
7225,-1
7226,-1
7227,-1
7228,-1
7229,-1
7230,-1
7231,-1
7232,-1
7233,-1
7234,-1
7235,-1
7236,-1
7237,-1
7238,-1
7239,-1
7240,-1
7241,-1
7242,-1
7243,-1
7244,-1
7245,-1
7246,-1
7247,-1
7248,-1
7249,-1
7250,-1
7251,-1
7252,-1
7253,-1
7254,-1
7255,-1
7256,-1
7257,-1
7258,-1
7259,-1
7260,-1
7261,-1
7262,-1
7263,-1
7264,-1
7265,-1
7266,-1
7267,-1
7268,-1
7269,-1
7270,-1
7271,-1
7272,-1
7273,-1
7274,-1
7275,-1
7276,-1
7277,-1
7278,-1
7279,-1
7280,-1
7281,-1
7282,-1
7283,-1
7284,-1
7285,-1
7286,-1
7287,-1
7288,-1
7289,-1
7290,-1
7291,-1
7292,-1
7293,-1
7294,-1
7295,-1
7296,-1
7297,-1
7298,-1
7299,-1
7300,-1
7301,-1
7302,-1
7303,-1
7304,-1
7305,-1
7306,-1
7307,-1
7308,-1
7309,-1
7310,-1
7311,-1
7312,-1
7313,-1
7314,-1
7315,-1
7316,-1
7317,-1
7318,-1
7319,-1
7320,-1
7321,-1
7322,-1
7323,-1
7324,-1
7325,-1
7326,-1
7327,-1
7328,-1
7329,-1
7330,-1
7331,-1
7332,-1
7333,-1
7334,-1
7335,-1
7336,-1
7337,-1
7338,-1
7339,-1
7340,-1
7341,-1
7342,-1
7343,-1
7344,-1
7345,-1
7346,-1
7347,-1
7348,-1
7349,-1
7350,-1
7351,-1
7352,-1
7353,-1
7354,-1
7355,-1
7356,-1
7357,-1
7358,-1
7359,-1
7360,-1
7361,-1
7362,-1
7363,-1
7364,-1
7365,-1
7366,-1
7367,-1
7368,-1
7369,-1
7370,-1
7371,-1
7372,-1
7373,-1
7374,-1
7375,-1
7376,-1
7377,-1
7378,-1
7379,-1
7380,-1
7381,-1
7382,-1
7383,-1
7384,-1
7385,-1
7386,-1
7387,-1
7388,-1
7389,-1
7390,-1
7391,-1
