Image name,"Date Time, GMT-07:00"
IM_00023,05/31/23 01:00:11  PM
IM_00024,05/31/23 02:00:11  PM
IM_00025,05/31/23 03:00:11  PM
IM_00026,05/31/23 04:00:11  PM
IM_00027,05/31/23 05:00:11  PM
IM_00028,05/31/23 06:00:11  PM
IM_00029,05/31/23 07:00:10  PM
IM_00030,05/31/23 08:00:10  PM
IM_00031,05/31/23 09:00:10  PM
IM_00032,05/31/23 10:00:10  PM
IM_00033,05/31/23 11:00:10  PM
IM_00034,06/01/23 12:00:11  AM
IM_00035,06/01/23 01:00:11  AM
IM_00036,06/01/23 02:00:12  AM
IM_00037,06/01/23 03:00:11  AM
IM_00038,06/01/23 04:00:11  AM
IM_00039,06/01/23 05:00:11  AM
IM_00040,06/01/23 06:00:11  AM
IM_00041,06/01/23 07:00:10  AM
IM_00042,06/01/23 08:00:10  AM
IM_00043,06/01/23 09:00:10  AM
IM_00044,06/01/23 10:00:10  AM
IM_00045,06/01/23 11:00:11  AM
IM_00046,06/01/23 12:00:11  PM
IM_00047,06/01/23 01:00:11  PM
IM_00048,06/01/23 02:00:11  PM
IM_00049,06/01/23 03:00:11  PM
IM_00050,06/01/23 04:00:10  PM
IM_00051,06/01/23 05:00:10  PM
IM_00052,06/01/23 06:00:10  PM
IM_00053,06/01/23 07:00:10  PM
IM_00054,06/01/23 08:00:10  PM
IM_00055,06/01/23 09:00:10  PM
IM_00056,06/01/23 10:00:11  PM
IM_00057,06/01/23 11:00:11  PM
IM_00058,06/02/23 12:00:11  AM
IM_00059,06/02/23 01:00:11  AM
IM_00060,06/02/23 02:00:11  AM
IM_00061,06/02/23 03:00:11  AM
IM_00062,06/02/23 04:00:11  AM
IM_00063,06/02/23 05:00:10  AM
IM_00064,06/02/23 06:00:10  AM
IM_00065,06/02/23 07:00:10  AM
IM_00066,06/02/23 08:00:10  AM
IM_00067,06/02/23 09:00:11  AM
IM_00068,06/02/23 10:00:11  AM
IM_00069,06/02/23 11:00:11  AM
IM_00070,06/02/23 12:00:11  PM
IM_00071,06/02/23 01:00:11  PM
IM_00072,06/02/23 02:00:11  PM
IM_00073,06/02/23 03:00:11  PM
IM_00074,06/02/23 04:00:10  PM
IM_00075,06/02/23 05:00:10  PM
IM_00076,06/02/23 06:00:10  PM
IM_00077,06/02/23 07:00:10  PM
IM_00078,06/02/23 08:00:10  PM
IM_00079,06/02/23 09:00:11  PM
IM_00080,06/02/23 10:00:11  PM
IM_00081,06/02/23 11:00:11  PM
IM_00082,06/03/23 12:00:11  AM
IM_00083,06/03/23 01:00:11  AM
IM_00084,06/03/23 02:00:11  AM
IM_00085,06/03/23 03:00:11  AM
IM_00086,06/03/23 04:00:10  AM
IM_00087,06/03/23 05:00:10  AM
IM_00088,06/03/23 06:00:10  AM
IM_00089,06/03/23 07:00:10  AM
IM_00090,06/03/23 08:00:11  AM
IM_00091,06/03/23 09:00:11  AM
IM_00092,06/03/23 10:00:11  AM
IM_00093,06/03/23 11:00:11  AM
IM_00094,06/03/23 12:00:11  PM
IM_00095,06/03/23 01:00:10  PM
IM_00096,06/03/23 02:00:11  PM
IM_00097,06/03/23 03:00:10  PM
IM_00098,06/03/23 04:00:10  PM
IM_00099,06/03/23 05:00:10  PM
IM_00100,06/03/23 06:00:10  PM
IM_00101,06/03/23 07:00:11  PM
IM_00102,06/03/23 08:00:11  PM
IM_00103,06/03/23 09:00:11  PM
IM_00104,06/03/23 10:00:11  PM
IM_00105,06/03/23 11:00:11  PM
IM_00106,06/04/23 12:00:11  AM
IM_00107,06/04/23 01:00:11  AM
IM_00108,06/04/23 02:00:10  AM
IM_00109,06/04/23 03:00:11  AM
IM_00110,06/04/23 04:00:10  AM
IM_00111,06/04/23 05:00:10  AM
IM_00112,06/04/23 06:00:10  AM
IM_00113,06/04/23 07:00:11  AM
IM_00114,06/04/23 08:00:11  AM
IM_00115,06/04/23 09:00:11  AM
IM_00116,06/04/23 10:00:11  AM
IM_00117,06/04/23 11:00:10  AM
IM_00118,06/04/23 12:00:11  PM
IM_00119,06/04/23 01:00:10  PM
IM_00120,06/04/23 02:00:10  PM
IM_00121,06/04/23 03:00:10  PM
IM_00122,06/04/23 04:00:10  PM
IM_00123,06/04/23 05:00:10  PM
IM_00124,06/04/23 06:00:11  PM
IM_00125,06/04/23 07:00:11  PM
IM_00126,06/04/23 08:00:11  PM
IM_00127,06/04/23 09:00:11  PM
IM_00128,06/04/23 10:00:11  PM
IM_00129,06/04/23 11:00:11  PM
IM_00130,06/05/23 12:00:11  AM
IM_00131,06/05/23 01:00:11  AM
IM_00132,06/05/23 02:00:10  AM
IM_00133,06/05/23 03:00:11  AM
IM_00134,06/05/23 04:00:10  AM
IM_00135,06/05/23 05:00:10  AM
IM_00136,06/05/23 06:00:11  AM
IM_00137,06/05/23 07:00:11  AM
IM_00138,06/05/23 08:00:11  AM
IM_00139,06/05/23 09:00:11  AM
IM_00140,06/05/23 10:00:11  AM
IM_00141,06/05/23 11:00:11  AM
IM_00142,06/05/23 12:00:11  PM
IM_00143,06/05/23 01:00:10  PM
IM_00144,06/05/23 02:00:10  PM
IM_00145,06/05/23 03:00:10  PM
IM_00146,06/05/23 04:00:10  PM
IM_00147,06/05/23 05:00:10  PM
IM_00148,06/05/23 06:00:11  PM
IM_00149,06/05/23 07:00:11  PM
IM_00150,06/05/23 08:00:11  PM
IM_00151,06/05/23 09:00:11  PM
IM_00152,06/05/23 10:00:11  PM
IM_00153,06/05/23 11:00:11  PM
IM_00154,06/06/23 12:00:11  AM
IM_00155,06/06/23 01:00:11  AM
IM_00156,06/06/23 02:00:10  AM
IM_00157,06/06/23 03:00:11  AM
IM_00158,06/06/23 04:00:10  AM
IM_00159,06/06/23 05:00:11  AM
IM_00160,06/06/23 06:00:11  AM
IM_00161,06/06/23 07:00:11  AM
IM_00162,06/06/23 08:00:11  AM
IM_00163,06/06/23 09:00:11  AM
IM_00164,06/06/23 10:00:11  AM
IM_00165,06/06/23 11:00:10  AM
IM_00166,06/06/23 12:00:10  PM
IM_00167,06/06/23 01:00:10  PM
IM_00168,06/06/23 02:00:10  PM
IM_00169,06/06/23 03:00:10  PM
IM_00170,06/06/23 04:00:10  PM
IM_00171,06/06/23 05:00:11  PM
IM_00172,06/06/23 06:00:11  PM
IM_00173,06/06/23 07:00:11  PM
IM_00174,06/06/23 08:00:11  PM
IM_00175,06/06/23 09:00:11  PM
IM_00176,06/06/23 10:00:11  PM
IM_00177,06/06/23 11:00:11  PM
IM_00178,06/07/23 12:00:10  AM
IM_00179,06/07/23 01:00:10  AM
IM_00180,06/07/23 02:00:10  AM
IM_00181,06/07/23 03:00:10  AM
IM_00182,06/07/23 04:00:10  AM
IM_00183,06/07/23 05:00:11  AM
IM_00184,06/07/23 06:00:11  AM
IM_00185,06/07/23 07:00:11  AM
IM_00186,06/07/23 08:00:11  AM
IM_00187,06/07/23 09:00:10  AM
IM_00188,06/07/23 10:00:10  AM
IM_00189,06/07/23 11:00:10  AM
IM_00190,06/07/23 12:00:10  PM
IM_00191,06/07/23 01:00:10  PM
IM_00192,06/07/23 02:00:10  PM
IM_00193,06/07/23 03:00:10  PM
IM_00194,06/07/23 04:00:11  PM
IM_00195,06/07/23 05:00:11  PM
IM_00196,06/07/23 06:00:11  PM
IM_00197,06/07/23 07:00:11  PM
IM_00198,06/07/23 08:00:11  PM
IM_00199,06/07/23 09:00:11  PM
IM_00200,06/07/23 10:00:10  PM
IM_00201,06/07/23 11:00:10  PM
IM_00202,06/08/23 12:00:10  AM
IM_00203,06/08/23 01:00:10  AM
IM_00204,06/08/23 02:00:10  AM
IM_00205,06/08/23 03:00:10  AM
IM_00206,06/08/23 04:00:11  AM
IM_00207,06/08/23 05:00:11  AM
IM_00208,06/08/23 06:00:11  AM
IM_00209,06/08/23 07:00:11  AM
IM_00210,06/08/23 08:00:10  AM
IM_00211,06/08/23 09:00:10  AM
IM_00212,06/08/23 10:00:10  AM
IM_00213,06/08/23 11:00:10  AM
IM_00214,06/08/23 12:00:10  PM
IM_00215,06/08/23 01:00:10  PM
IM_00216,06/08/23 02:00:10  PM
IM_00217,06/08/23 03:00:11  PM
IM_00218,06/08/23 04:00:11  PM
IM_00219,06/08/23 05:00:11  PM
IM_00220,06/08/23 06:00:11  PM
IM_00221,06/08/23 07:00:11  PM
IM_00222,06/08/23 08:00:11  PM
IM_00223,06/08/23 09:00:11  PM
IM_00224,06/08/23 10:00:10  PM
IM_00225,06/08/23 11:00:10  PM
IM_00226,06/09/23 12:00:10  AM
IM_00227,06/09/23 01:00:10  AM
IM_00228,06/09/23 02:00:10  AM
IM_00229,06/09/23 03:00:11  AM
IM_00230,06/09/23 04:00:11  AM
IM_00231,06/09/23 05:00:11  AM
IM_00232,06/09/23 06:00:11  AM
IM_00233,06/09/23 07:00:11  AM
IM_00234,06/09/23 08:00:10  AM
IM_00235,06/09/23 09:00:10  AM
IM_00236,06/09/23 10:00:10  AM
IM_00237,06/09/23 11:00:10  AM
IM_00238,06/09/23 12:00:10  PM
IM_00239,06/09/23 01:00:10  PM
IM_00240,06/09/23 02:00:11  PM
IM_00241,06/09/23 03:00:11  PM
IM_00242,06/09/23 04:00:11  PM
IM_00243,06/09/23 05:00:11  PM
IM_00244,06/09/23 06:00:11  PM
IM_00245,06/09/23 07:00:11  PM
IM_00246,06/09/23 08:00:10  PM
IM_00247,06/09/23 09:00:10  PM
IM_00248,06/09/23 10:00:11  PM
IM_00249,06/09/23 11:00:10  PM
IM_00250,06/10/23 12:00:10  AM
IM_00251,06/10/23 01:00:10  AM
IM_00252,06/10/23 02:00:10  AM
IM_00253,06/10/23 03:00:11  AM
IM_00254,06/10/23 04:00:11  AM
IM_00255,06/10/23 05:00:11  AM
IM_00256,06/10/23 06:00:11  AM
IM_00257,06/10/23 07:00:11  AM
IM_00258,06/10/23 08:00:10  AM
IM_00259,06/10/23 09:00:10  AM
IM_00260,06/10/23 10:00:10  AM
IM_00261,06/10/23 11:00:10  AM
IM_00262,06/10/23 12:00:10  PM
IM_00263,06/10/23 01:00:10  PM
IM_00264,06/10/23 02:00:11  PM
IM_00265,06/10/23 03:00:11  PM
IM_00266,06/10/23 04:00:11  PM
IM_00267,06/10/23 05:00:11  PM
IM_00268,06/10/23 06:00:11  PM
IM_00269,06/10/23 07:00:11  PM
IM_00270,06/10/23 08:00:10  PM
IM_00271,06/10/23 09:00:10  PM
IM_00272,06/10/23 10:00:10  PM
IM_00273,06/10/23 11:00:10  PM
IM_00274,06/11/23 12:00:10  AM
IM_00275,06/11/23 01:00:10  AM
IM_00276,06/11/23 02:00:11  AM
IM_00277,06/11/23 03:00:11  AM
IM_00278,06/11/23 04:00:11  AM
IM_00279,06/11/23 05:00:11  AM
IM_00280,06/11/23 06:00:11  AM
IM_00281,06/11/23 07:00:11  AM
IM_00282,06/11/23 08:00:10  AM
IM_00283,06/11/23 09:00:10  AM
IM_00284,06/11/23 10:00:10  AM
IM_00285,06/11/23 11:00:10  AM
IM_00286,06/11/23 12:00:11  PM
IM_00287,06/11/23 01:00:11  PM
IM_00288,06/11/23 02:00:11  PM
IM_00289,06/11/23 03:00:11  PM
IM_00290,06/11/23 04:00:11  PM
IM_00291,06/11/23 05:00:10  PM
IM_00292,06/11/23 06:00:10  PM
IM_00293,06/11/23 07:00:11  PM
IM_00294,06/11/23 08:00:11  PM
IM_00295,06/11/23 09:00:10  PM
IM_00296,06/11/23 10:00:10  PM
IM_00297,06/11/23 11:00:10  PM
IM_00298,06/12/23 12:00:11  AM
IM_00299,06/12/23 01:00:11  AM
IM_00300,06/12/23 02:00:11  AM
IM_00301,06/12/23 03:00:11  AM
IM_00302,06/12/23 04:00:11  AM
IM_00303,06/12/23 05:00:11  AM
IM_00304,06/12/23 06:00:11  AM
IM_00305,06/12/23 07:00:11  AM
IM_00306,06/12/23 08:00:10  AM
IM_00307,06/12/23 09:00:10  AM
IM_00308,06/12/23 10:00:10  AM
IM_00309,06/12/23 11:00:11  AM
IM_00310,06/12/23 12:00:11  PM
IM_00311,06/12/23 01:00:11  PM
IM_00312,06/12/23 02:00:11  PM
IM_00313,06/12/23 03:00:11  PM
IM_00314,06/12/23 04:00:11  PM
IM_00315,06/12/23 05:00:10  PM
IM_00316,06/12/23 06:00:10  PM
IM_00317,06/12/23 07:00:10  PM
IM_00318,06/12/23 08:00:10  PM
IM_00319,06/12/23 09:00:10  PM
IM_00320,06/12/23 10:00:10  PM
IM_00321,06/12/23 11:00:11  PM
IM_00322,06/13/23 12:00:11  AM
IM_00323,06/13/23 01:00:11  AM
IM_00324,06/13/23 02:00:11  AM
IM_00325,06/13/23 03:00:11  AM
IM_00326,06/13/23 04:00:11  AM
IM_00327,06/13/23 05:00:11  AM
IM_00328,06/13/23 06:00:10  AM
IM_00329,06/13/23 07:00:10  AM
IM_00330,06/13/23 08:00:10  AM
IM_00331,06/13/23 09:00:11  AM
IM_00332,06/13/23 10:00:11  AM
IM_00333,06/13/23 11:00:11  AM
IM_00334,06/13/23 12:00:11  PM
IM_00335,06/13/23 01:00:11  PM
IM_00336,06/13/23 02:00:11  PM
IM_00337,06/13/23 03:00:11  PM
IM_00338,06/13/23 04:00:10  PM
IM_00339,06/13/23 05:00:10  PM
IM_00340,06/13/23 06:00:10  PM
IM_00341,06/13/23 07:00:10  PM
IM_00342,06/13/23 08:00:10  PM
IM_00343,06/13/23 09:00:11  PM
IM_00344,06/13/23 10:00:11  PM
IM_00345,06/13/23 11:00:11  PM
IM_00346,06/14/23 12:00:11  AM
IM_00347,06/14/23 01:00:11  AM
IM_00348,06/14/23 02:00:11  AM
IM_00349,06/14/23 03:00:11  AM
IM_00350,06/14/23 04:00:10  AM
IM_00351,06/14/23 05:00:10  AM
IM_00352,06/14/23 06:00:10  AM
IM_00353,06/14/23 07:00:10  AM
IM_00354,06/14/23 08:00:11  AM
IM_00355,06/14/23 09:00:11  AM
IM_00356,06/14/23 10:00:11  AM
IM_00357,06/14/23 11:00:11  AM
IM_00358,06/14/23 12:00:11  PM
IM_00359,06/14/23 01:00:11  PM
IM_00360,06/14/23 02:00:11  PM
IM_00361,06/14/23 03:00:11  PM
IM_00362,06/14/23 04:00:10  PM
IM_00363,06/14/23 05:00:10  PM
IM_00364,06/14/23 06:00:10  PM
IM_00365,06/14/23 07:00:10  PM
IM_00366,06/14/23 08:00:11  PM
IM_00367,06/14/23 09:00:11  PM
IM_00368,06/14/23 10:00:11  PM
IM_00369,06/14/23 11:00:11  PM
IM_00370,06/15/23 12:00:11  AM
IM_00371,06/15/23 01:00:11  AM
IM_00372,06/15/23 02:00:11  AM
IM_00373,06/15/23 03:00:11  AM
IM_00374,06/15/23 04:00:10  AM
IM_00375,06/15/23 05:00:10  AM
IM_00376,06/15/23 06:00:10  AM
IM_00377,06/15/23 07:00:11  AM
IM_00378,06/15/23 08:00:11  AM
IM_00379,06/15/23 09:00:11  AM
IM_00380,06/15/23 10:00:11  AM
IM_00381,06/15/23 11:00:11  AM
IM_00382,06/15/23 12:00:11  PM
IM_00383,06/15/23 01:00:10  PM
IM_00384,06/15/23 02:00:10  PM
IM_00385,06/15/23 03:00:10  PM
IM_00386,06/15/23 04:00:10  PM
IM_00387,06/15/23 05:00:10  PM
IM_00388,06/15/23 06:00:10  PM
IM_00389,06/15/23 07:00:11  PM
IM_00390,06/15/23 08:00:11  PM
IM_00391,06/15/23 09:00:11  PM
IM_00392,06/15/23 10:00:11  PM
IM_00393,06/15/23 11:00:11  PM
IM_00394,06/16/23 12:00:11  AM
IM_00395,06/16/23 01:00:11  AM
IM_00396,06/16/23 02:00:10  AM
IM_00397,06/16/23 03:00:10  AM
IM_00398,06/16/23 04:00:10  AM
IM_00399,06/16/23 05:00:11  AM
IM_00400,06/16/23 06:00:11  AM
IM_00401,06/16/23 07:00:11  AM
IM_00402,06/16/23 08:00:11  AM
IM_00403,06/16/23 09:00:11  AM
IM_00404,06/16/23 10:00:11  AM
IM_00405,06/16/23 11:00:10  AM
IM_00406,06/16/23 12:00:10  PM
IM_00407,06/16/23 01:00:10  PM
IM_00408,06/16/23 02:00:10  PM
IM_00409,06/16/23 03:00:10  PM
IM_00410,06/16/23 04:00:10  PM
IM_00411,06/16/23 05:00:11  PM
IM_00412,06/16/23 06:00:11  PM
IM_00413,06/16/23 07:00:11  PM
IM_00414,06/16/23 08:00:11  PM
IM_00415,06/16/23 09:00:11  PM
IM_00416,06/16/23 10:00:10  PM
IM_00417,06/16/23 11:00:10  PM
IM_00418,06/17/23 12:00:10  AM
IM_00419,06/17/23 01:00:10  AM
IM_00420,06/17/23 02:00:10  AM
IM_00421,06/17/23 03:00:10  AM
IM_00422,06/17/23 04:00:11  AM
IM_00423,06/17/23 05:00:11  AM
IM_00424,06/17/23 06:00:11  AM
IM_00425,06/17/23 07:00:11  AM
IM_00426,06/17/23 08:00:11  AM
IM_00427,06/17/23 09:00:10  AM
IM_00428,06/17/23 10:00:10  AM
IM_00429,06/17/23 11:00:10  AM
IM_00430,06/17/23 12:00:10  PM
IM_00431,06/17/23 01:00:10  PM
IM_00432,06/17/23 02:00:10  PM
IM_00433,06/17/23 03:00:11  PM
IM_00434,06/17/23 04:00:11  PM
IM_00435,06/17/23 05:00:11  PM
IM_00436,06/17/23 06:00:11  PM
IM_00437,06/17/23 07:00:11  PM
IM_00438,06/17/23 08:00:11  PM
IM_00439,06/17/23 09:00:10  PM
IM_00440,06/17/23 10:00:10  PM
IM_00441,06/17/23 11:00:10  PM
IM_00442,06/18/23 12:00:10  AM
IM_00443,06/18/23 01:00:10  AM
IM_00444,06/18/23 02:00:10  AM
IM_00445,06/18/23 03:00:11  AM
IM_00446,06/18/23 04:00:11  AM
IM_00447,06/18/23 05:00:11  AM
IM_00448,06/18/23 06:00:11  AM
IM_00449,06/18/23 07:00:11  AM
IM_00450,06/18/23 08:00:10  AM
IM_00451,06/18/23 09:00:10  AM
IM_00452,06/18/23 10:00:10  AM
IM_00453,06/18/23 11:00:10  AM
IM_00454,06/18/23 12:00:10  PM
IM_00455,06/18/23 01:00:10  PM
IM_00456,06/18/23 02:00:11  PM
IM_00457,06/18/23 03:00:11  PM
IM_00458,06/18/23 04:00:11  PM
IM_00459,06/18/23 05:00:11  PM
IM_00460,06/18/23 06:00:11  PM
IM_00461,06/18/23 07:00:10  PM
IM_00462,06/18/23 08:00:11  PM
IM_00463,06/18/23 09:00:10  PM
IM_00464,06/18/23 10:00:10  PM
IM_00465,06/18/23 11:00:10  PM
IM_00466,06/19/23 12:00:10  AM
IM_00467,06/19/23 01:00:10  AM
IM_00468,06/19/23 02:00:11  AM
IM_00469,06/19/23 03:00:11  AM
IM_00470,06/19/23 04:00:11  AM
IM_00471,06/19/23 05:00:11  AM
IM_00472,06/19/23 06:00:11  AM
IM_00473,06/19/23 07:00:11  AM
IM_00474,06/19/23 08:00:10  AM
IM_00475,06/19/23 09:00:10  AM
IM_00476,06/19/23 10:00:10  AM
IM_00477,06/19/23 11:00:10  AM
IM_00478,06/19/23 12:00:10  PM
IM_00479,06/19/23 01:00:10  PM
IM_00480,06/19/23 02:00:11  PM
IM_00481,06/19/23 03:00:11  PM
IM_00482,06/19/23 04:00:11  PM
IM_00483,06/19/23 05:00:11  PM
IM_00484,06/19/23 06:00:11  PM
IM_00485,06/19/23 07:00:11  PM
IM_00486,06/19/23 08:00:10  PM
IM_00487,06/19/23 09:00:10  PM
IM_00488,06/19/23 10:00:10  PM
IM_00489,06/19/23 11:00:10  PM
IM_00490,06/20/23 12:00:10  AM
IM_00491,06/20/23 01:00:10  AM
IM_00492,06/20/23 02:00:11  AM
IM_00493,06/20/23 03:00:11  AM
IM_00494,06/20/23 04:00:11  AM
IM_00495,06/20/23 05:00:11  AM
IM_00496,06/20/23 06:00:11  AM
IM_00497,06/20/23 07:00:11  AM
IM_00498,06/20/23 08:00:10  AM
IM_00499,06/20/23 09:00:10  AM
IM_00500,06/20/23 10:00:10  AM
IM_00501,06/20/23 11:00:10  AM
IM_00502,06/20/23 12:00:10  PM
IM_00503,06/20/23 01:00:10  PM
IM_00504,06/20/23 02:00:11  PM
IM_00505,06/20/23 03:00:11  PM
IM_00506,06/20/23 04:00:11  PM
IM_00507,06/20/23 05:00:11  PM
IM_00508,06/20/23 06:00:11  PM
IM_00509,06/20/23 07:00:10  PM
IM_00510,06/20/23 08:00:10  PM
IM_00511,06/20/23 09:00:10  PM
IM_00512,06/20/23 10:00:10  PM
IM_00513,06/20/23 11:00:10  PM
IM_00514,06/21/23 12:00:10  AM
IM_00515,06/21/23 01:00:10  AM
IM_00516,06/21/23 02:00:11  AM
IM_00517,06/21/23 03:00:11  AM
IM_00518,06/21/23 04:00:11  AM
IM_00519,06/21/23 05:00:11  AM
IM_00520,06/21/23 06:00:11  AM
IM_00521,06/21/23 07:00:10  AM
IM_00522,06/21/23 08:00:10  AM
IM_00523,06/21/23 09:00:10  AM
IM_00524,06/21/23 10:00:10  AM
IM_00525,06/21/23 11:00:10  AM
IM_00526,06/21/23 12:00:10  PM
IM_00527,06/21/23 01:00:10  PM
IM_00528,06/21/23 02:00:11  PM
IM_00529,06/21/23 03:00:11  PM
IM_00530,06/21/23 04:00:11  PM
IM_00531,06/21/23 05:00:11  PM
IM_00532,06/21/23 06:00:11  PM
IM_00533,06/21/23 07:00:11  PM
IM_00534,06/21/23 08:00:10  PM
IM_00535,06/21/23 09:00:10  PM
IM_00536,06/21/23 10:00:10  PM
IM_00537,06/21/23 11:00:10  PM
IM_00538,06/22/23 12:00:10  AM
IM_00539,06/22/23 01:00:10  AM
IM_00540,06/22/23 02:00:11  AM
IM_00541,06/22/23 03:00:11  AM
IM_00542,06/22/23 04:00:11  AM
IM_00543,06/22/23 05:00:11  AM
IM_00544,06/22/23 06:00:11  AM
IM_00545,06/22/23 07:00:11  AM
IM_00546,06/22/23 08:00:10  AM
IM_00547,06/22/23 09:00:10  AM
IM_00548,06/22/23 10:00:10  AM
IM_00549,06/22/23 11:00:10  AM
IM_00550,06/22/23 12:00:10  PM
IM_00551,06/22/23 01:00:10  PM
IM_00552,06/22/23 02:00:11  PM
IM_00553,06/22/23 03:00:11  PM
IM_00554,06/22/23 04:00:11  PM
IM_00555,06/22/23 05:00:11  PM
IM_00556,06/22/23 06:00:11  PM
IM_00557,06/22/23 07:00:10  PM
IM_00558,06/22/23 08:00:10  PM
IM_00559,06/22/23 09:00:10  PM
IM_00560,06/22/23 10:00:10  PM
IM_00561,06/22/23 11:00:10  PM
IM_00562,06/23/23 12:00:10  AM
IM_00563,06/23/23 01:00:10  AM
IM_00564,06/23/23 02:00:11  AM
IM_00565,06/23/23 03:00:11  AM
IM_00566,06/23/23 04:00:11  AM
IM_00567,06/23/23 05:00:11  AM
IM_00568,06/23/23 06:00:11  AM
IM_00569,06/23/23 07:00:11  AM
IM_00570,06/23/23 08:00:10  AM
IM_00571,06/23/23 09:00:10  AM
IM_00572,06/23/23 10:00:10  AM
IM_00573,06/23/23 11:00:10  AM
IM_00574,06/23/23 12:00:10  PM
IM_00575,06/23/23 01:00:10  PM
IM_00576,06/23/23 02:00:11  PM
IM_00577,06/23/23 03:00:11  PM
IM_00578,06/23/23 04:00:11  PM
IM_00579,06/23/23 05:00:11  PM
IM_00580,06/23/23 06:00:11  PM
IM_00581,06/23/23 07:00:10  PM
IM_00582,06/23/23 08:00:10  PM
IM_00583,06/23/23 09:00:10  PM
IM_00584,06/23/23 10:00:10  PM
IM_00585,06/23/23 11:00:10  PM
IM_00586,06/24/23 12:00:10  AM
IM_00587,06/24/23 01:00:10  AM
IM_00588,06/24/23 02:00:11  AM
IM_00589,06/24/23 03:00:11  AM
IM_00590,06/24/23 04:00:11  AM
IM_00591,06/24/23 05:00:11  AM
IM_00592,06/24/23 06:00:11  AM
IM_00593,06/24/23 07:00:11  AM
IM_00594,06/24/23 08:00:10  AM
IM_00595,06/24/23 09:00:10  AM
IM_00596,06/24/23 10:00:10  AM
IM_00597,06/24/23 11:00:10  AM
IM_00598,06/24/23 12:00:10  PM
IM_00599,06/24/23 01:00:10  PM
IM_00600,06/24/23 02:00:11  PM
IM_00601,06/24/23 03:00:11  PM
IM_00602,06/24/23 04:00:11  PM
IM_00603,06/24/23 05:00:11  PM
IM_00604,06/24/23 06:00:11  PM
IM_00605,06/24/23 07:00:10  PM
IM_00606,06/24/23 08:00:10  PM
IM_00607,06/24/23 09:00:10  PM
IM_00608,06/24/23 10:00:10  PM
IM_00609,06/24/23 11:00:10  PM
IM_00610,06/25/23 12:00:10  AM
IM_00611,06/25/23 01:00:10  AM
IM_00612,06/25/23 02:00:11  AM
IM_00613,06/25/23 03:00:11  AM
IM_00614,06/25/23 04:00:11  AM
IM_00615,06/25/23 05:00:11  AM
IM_00616,06/25/23 06:00:11  AM
IM_00617,06/25/23 07:00:11  AM
IM_00618,06/25/23 08:00:10  AM
IM_00619,06/25/23 09:00:10  AM
IM_00620,06/25/23 10:00:10  AM
IM_00621,06/25/23 11:00:10  AM
IM_00622,06/25/23 12:00:10  PM
IM_00623,06/25/23 01:00:11  PM
IM_00624,06/25/23 02:00:11  PM
IM_00625,06/25/23 03:00:11  PM
IM_00626,06/25/23 04:00:11  PM
IM_00627,06/25/23 05:00:11  PM
IM_00628,06/25/23 06:00:11  PM
IM_00629,06/25/23 07:00:10  PM
IM_00630,06/25/23 08:00:10  PM
IM_00631,06/25/23 09:00:10  PM
IM_00632,06/25/23 10:00:10  PM
IM_00633,06/25/23 11:00:10  PM
IM_00634,06/26/23 12:00:10  AM
IM_00635,06/26/23 01:00:11  AM
IM_00636,06/26/23 02:00:11  AM
IM_00637,06/26/23 03:00:11  AM
IM_00638,06/26/23 04:00:11  AM
IM_00639,06/26/23 05:00:11  AM
IM_00640,06/26/23 06:00:11  AM
IM_00641,06/26/23 07:00:10  AM
IM_00642,06/26/23 08:00:10  AM
IM_00643,06/26/23 09:00:10  AM
IM_00644,06/26/23 10:00:10  AM
IM_00645,06/26/23 11:00:10  AM
IM_00646,06/26/23 12:00:11  PM
IM_00647,06/26/23 01:00:11  PM
IM_00648,06/26/23 02:00:11  PM
IM_00649,06/26/23 03:00:11  PM
IM_00650,06/26/23 04:00:11  PM
IM_00651,06/26/23 05:00:11  PM
IM_00652,06/26/23 06:00:11  PM
IM_00653,06/26/23 07:00:10  PM
IM_00654,06/26/23 08:00:10  PM
IM_00655,06/26/23 09:00:10  PM
IM_00656,06/26/23 10:00:10  PM
IM_00657,06/26/23 11:00:10  PM
IM_00658,06/27/23 12:00:11  AM
IM_00659,06/27/23 01:00:11  AM
IM_00660,06/27/23 02:00:11  AM
IM_00661,06/27/23 03:00:11  AM
IM_00662,06/27/23 04:00:11  AM
IM_00663,06/27/23 05:00:10  AM
IM_00664,06/27/23 06:00:11  AM
IM_00665,06/27/23 07:00:10  AM
IM_00666,06/27/23 08:00:10  AM
IM_00667,06/27/23 09:00:10  AM
IM_00668,06/27/23 10:00:10  AM
IM_00669,06/27/23 11:00:11  AM
IM_00670,06/27/23 12:00:11  PM
IM_00671,06/27/23 01:00:11  PM
IM_00672,06/27/23 02:00:11  PM
IM_00673,06/27/23 03:00:11  PM
IM_00674,06/27/23 04:00:10  PM
IM_00675,06/27/23 05:00:10  PM
IM_00676,06/27/23 06:00:10  PM
IM_00677,06/27/23 07:00:10  PM
IM_00678,06/27/23 08:00:10  PM
IM_00679,06/27/23 09:00:10  PM
IM_00680,06/27/23 10:00:10  PM
IM_00681,06/27/23 11:00:11  PM
IM_00682,06/28/23 12:00:11  AM
IM_00683,06/28/23 01:00:11  AM
IM_00684,06/28/23 02:00:11  AM
IM_00685,06/28/23 03:00:11  AM
IM_00686,06/28/23 04:00:11  AM
IM_00687,06/28/23 05:00:10  AM
IM_00688,06/28/23 06:00:10  AM
IM_00689,06/28/23 07:00:10  AM
IM_00690,06/28/23 08:00:10  AM
IM_00691,06/28/23 09:00:10  AM
IM_00692,06/28/23 10:00:11  AM
IM_00693,06/28/23 11:00:11  AM
IM_00694,06/28/23 12:00:11  PM
IM_00695,06/28/23 01:00:11  PM
IM_00696,06/28/23 02:00:11  PM
IM_00697,06/28/23 03:00:11  PM
IM_00698,06/28/23 04:00:11  PM
IM_00699,06/28/23 05:00:11  PM
IM_00700,06/28/23 06:00:10  PM
IM_00701,06/28/23 07:00:10  PM
IM_00702,06/28/23 08:00:10  PM
IM_00703,06/28/23 09:00:10  PM
IM_00704,06/28/23 10:00:11  PM
IM_00705,06/28/23 11:00:11  PM
IM_00706,06/29/23 12:00:11  AM
IM_00707,06/29/23 01:00:11  AM
IM_00708,06/29/23 02:00:11  AM
IM_00709,06/29/23 03:00:11  AM
IM_00710,06/29/23 04:00:11  AM
IM_00711,06/29/23 05:00:10  AM
IM_00712,06/29/23 06:00:10  AM
IM_00713,06/29/23 07:00:10  AM
IM_00714,06/29/23 08:00:10  AM
IM_00715,06/29/23 09:00:11  AM
IM_00716,06/29/23 10:00:11  AM
IM_00717,06/29/23 11:00:11  AM
IM_00718,06/29/23 12:00:11  PM
IM_00719,06/29/23 01:00:11  PM
IM_00720,06/29/23 02:00:11  PM
IM_00721,06/29/23 03:00:10  PM
IM_00722,06/29/23 04:00:10  PM
IM_00723,06/29/23 05:00:10  PM
IM_00724,06/29/23 06:00:10  PM
IM_00725,06/29/23 07:00:10  PM
IM_00726,06/29/23 08:00:10  PM
IM_00727,06/29/23 09:00:10  PM
IM_00728,06/29/23 10:00:11  PM
IM_00729,06/29/23 11:00:11  PM
IM_00730,06/30/23 12:00:11  AM
IM_00731,06/30/23 01:00:11  AM
IM_00732,06/30/23 02:00:11  AM
IM_00733,06/30/23 03:00:11  AM
IM_00734,06/30/23 04:00:10  AM
IM_00735,06/30/23 05:00:10  AM
IM_00736,06/30/23 06:00:10  AM
IM_00737,06/30/23 07:00:10  AM
IM_00738,06/30/23 08:00:10  AM
IM_00739,06/30/23 09:00:11  AM
IM_00740,06/30/23 10:00:11  AM
IM_00741,06/30/23 11:00:11  AM
IM_00742,06/30/23 12:00:11  PM
IM_00743,06/30/23 01:00:11  PM
IM_00744,06/30/23 02:00:10  PM
IM_00745,06/30/23 03:00:11  PM
IM_00746,06/30/23 04:00:10  PM
IM_00747,06/30/23 05:00:10  PM
IM_00748,06/30/23 06:00:10  PM
IM_00749,06/30/23 07:00:10  PM
IM_00750,06/30/23 08:00:10  PM
IM_00751,06/30/23 09:00:11  PM
IM_00752,06/30/23 10:00:11  PM
IM_00753,06/30/23 11:00:11  PM
IM_00754,07/01/23 12:00:11  AM
IM_00755,07/01/23 01:00:11  AM
IM_00756,07/01/23 02:00:11  AM
IM_00757,07/01/23 03:00:11  AM
IM_00758,07/01/23 04:00:11  AM
IM_00759,07/01/23 05:00:10  AM
IM_00760,07/01/23 06:00:10  AM
IM_00761,07/01/23 07:00:10  AM
IM_00762,07/01/23 08:00:11  AM
IM_00763,07/01/23 09:00:11  AM
IM_00764,07/01/23 10:00:11  AM
IM_00765,07/01/23 11:00:11  AM
IM_00766,07/01/23 12:00:11  PM
IM_00767,07/01/23 01:00:11  PM
IM_00768,07/01/23 02:00:11  PM
IM_00769,07/01/23 03:00:10  PM
IM_00770,07/01/23 04:00:10  PM
IM_00771,07/01/23 05:00:10  PM
IM_00772,07/01/23 06:00:10  PM
IM_00773,07/01/23 07:00:11  PM
IM_00774,07/01/23 08:00:11  PM
IM_00775,07/01/23 09:00:11  PM
IM_00776,07/01/23 10:00:11  PM
IM_00777,07/01/23 11:00:11  PM
IM_00778,07/02/23 12:00:11  AM
IM_00779,07/02/23 01:00:11  AM
IM_00780,07/02/23 02:00:10  AM
IM_00781,07/02/23 03:00:10  AM
IM_00782,07/02/23 04:00:10  AM
IM_00783,07/02/23 05:00:10  AM
IM_00784,07/02/23 06:00:11  AM
IM_00785,07/02/23 07:00:11  AM
IM_00786,07/02/23 08:00:11  AM
IM_00787,07/02/23 09:00:11  AM
IM_00788,07/02/23 10:00:10  AM
IM_00789,07/02/23 11:00:10  AM
IM_00790,07/02/23 12:00:10  PM
IM_00791,07/02/23 01:00:10  PM
IM_00792,07/02/23 02:00:10  PM
IM_00793,07/02/23 03:00:10  PM
IM_00794,07/02/23 04:00:10  PM
IM_00795,07/02/23 05:00:10  PM
IM_00796,07/02/23 06:00:11  PM
IM_00797,07/02/23 07:00:11  PM
IM_00798,07/02/23 08:00:11  PM
IM_00799,07/02/23 09:00:11  PM
IM_00800,07/02/23 10:00:11  PM
IM_00801,07/02/23 11:00:10  PM
IM_00802,07/03/23 12:00:11  AM
IM_00803,07/03/23 01:00:11  AM
IM_00804,07/03/23 02:00:10  AM
IM_00805,07/03/23 03:00:10  AM
IM_00806,07/03/23 04:00:10  AM
IM_00807,07/03/23 05:00:11  AM
IM_00808,07/03/23 06:00:11  AM
IM_00809,07/03/23 07:00:11  AM
IM_00810,07/03/23 08:00:11  AM
IM_00811,07/03/23 09:00:11  AM
IM_00812,07/03/23 10:00:10  AM
IM_00813,07/03/23 11:00:10  AM
IM_00814,07/03/23 12:00:10  PM
IM_00815,07/03/23 01:00:10  PM
IM_00816,07/03/23 02:00:10  PM
IM_00817,07/03/23 03:00:10  PM
IM_00818,07/03/23 04:00:10  PM
IM_00819,07/03/23 05:00:11  PM
IM_00820,07/03/23 06:00:11  PM
IM_00821,07/03/23 07:00:11  PM
IM_00822,07/03/23 08:00:11  PM
IM_00823,07/03/23 09:00:11  PM
IM_00824,07/03/23 10:00:10  PM
IM_00825,07/03/23 11:00:11  PM
IM_00826,07/04/23 12:00:11  AM
IM_00827,07/04/23 01:00:11  AM
IM_00828,07/04/23 02:00:10  AM
IM_00829,07/04/23 03:00:10  AM
IM_00830,07/04/23 04:00:10  AM
IM_00831,07/04/23 05:00:11  AM
IM_00832,07/04/23 06:00:11  AM
IM_00833,07/04/23 07:00:11  AM
IM_00834,07/04/23 08:00:11  AM
IM_00835,07/04/23 09:00:10  AM
IM_00836,07/04/23 10:00:10  AM
IM_00837,07/04/23 11:00:10  AM
IM_00838,07/04/23 12:00:10  PM
IM_00839,07/04/23 01:00:10  PM
IM_00840,07/04/23 02:00:10  PM
IM_00841,07/04/23 03:00:10  PM
IM_00842,07/04/23 04:00:10  PM
IM_00843,07/04/23 05:00:11  PM
IM_00844,07/04/23 06:00:11  PM
IM_00845,07/04/23 07:00:11  PM
IM_00846,07/04/23 08:00:11  PM
IM_00847,07/04/23 09:00:11  PM
IM_00848,07/04/23 10:00:11  PM
IM_00849,07/04/23 11:00:10  PM
IM_00850,07/05/23 12:00:10  AM
IM_00851,07/05/23 01:00:10  AM
IM_00852,07/05/23 02:00:10  AM
IM_00853,07/05/23 03:00:10  AM
IM_00854,07/05/23 04:00:10  AM
IM_00855,07/05/23 05:00:11  AM
IM_00856,07/05/23 06:00:11  AM
IM_00857,07/05/23 07:00:11  AM
IM_00858,07/05/23 08:00:11  AM
IM_00859,07/05/23 09:00:10  AM
IM_00860,07/05/23 10:00:10  AM
IM_00861,07/05/23 11:00:10  AM
IM_00862,07/05/23 12:00:10  PM
IM_00863,07/05/23 01:00:10  PM
IM_00864,07/05/23 02:00:10  PM
IM_00865,07/05/23 03:00:10  PM
IM_00866,07/05/23 04:00:11  PM
IM_00867,07/05/23 05:00:11  PM
IM_00868,07/05/23 06:00:11  PM
IM_00869,07/05/23 07:00:11  PM
IM_00870,07/05/23 08:00:11  PM
IM_00871,07/05/23 09:00:11  PM
IM_00872,07/05/23 10:00:11  PM
IM_00873,07/05/23 11:00:11  PM
IM_00874,07/06/23 12:00:10  AM
IM_00875,07/06/23 01:00:10  AM
IM_00876,07/06/23 02:00:10  AM
IM_00877,07/06/23 03:00:10  AM
IM_00878,07/06/23 04:00:11  AM
IM_00879,07/06/23 05:00:11  AM
IM_00880,07/06/23 06:00:11  AM
IM_00881,07/06/23 07:00:11  AM
IM_00882,07/06/23 08:00:11  AM
IM_00883,07/06/23 09:00:10  AM
IM_00884,07/06/23 10:00:10  AM
IM_00885,07/06/23 11:00:10  AM
IM_00886,07/06/23 12:00:10  PM
IM_00887,07/06/23 01:00:10  PM
IM_00888,07/06/23 02:00:10  PM
IM_00889,07/06/23 03:00:10  PM
IM_00890,07/06/23 04:00:11  PM
IM_00891,07/06/23 05:00:11  PM
IM_00892,07/06/23 06:00:11  PM
IM_00893,07/06/23 07:00:11  PM
IM_00894,07/06/23 08:00:11  PM
IM_00895,07/06/23 09:00:11  PM
IM_00896,07/06/23 10:00:11  PM
IM_00897,07/06/23 11:00:11  PM
IM_00898,07/07/23 12:00:11  AM
IM_00899,07/07/23 01:00:11  AM
IM_00900,07/07/23 02:00:10  AM
IM_00901,07/07/23 03:00:10  AM
IM_00902,07/07/23 04:00:10  AM
IM_00903,07/07/23 05:00:11  AM
IM_00904,07/07/23 06:00:11  AM
IM_00905,07/07/23 07:00:11  AM
IM_00906,07/07/23 08:00:11  AM
IM_00907,07/07/23 09:00:11  AM
IM_00908,07/07/23 10:00:10  AM
IM_00909,07/07/23 11:00:10  AM
IM_00910,07/07/23 12:00:10  PM
IM_00911,07/07/23 01:00:10  PM
IM_00912,07/07/23 02:00:10  PM
IM_00913,07/07/23 03:00:10  PM
IM_00914,07/07/23 04:00:10  PM
IM_00915,07/07/23 05:00:11  PM
IM_00916,07/07/23 06:00:11  PM
IM_00917,07/07/23 07:00:11  PM
IM_00918,07/07/23 08:00:11  PM
IM_00919,07/07/23 09:00:11  PM
IM_00920,07/07/23 10:00:11  PM
IM_00921,07/07/23 11:00:11  PM
IM_00922,07/08/23 12:00:11  AM
IM_00923,07/08/23 01:00:11  AM
IM_00924,07/08/23 02:00:10  AM
IM_00925,07/08/23 03:00:10  AM
IM_00926,07/08/23 04:00:10  AM
IM_00927,07/08/23 05:00:10  AM
IM_00928,07/08/23 06:00:11  AM
IM_00929,07/08/23 07:00:11  AM
IM_00930,07/08/23 08:00:11  AM
IM_00931,07/08/23 09:00:11  AM
IM_00932,07/08/23 10:00:11  AM
IM_00933,07/08/23 11:00:10  AM
IM_00934,07/08/23 12:00:10  PM
IM_00935,07/08/23 01:00:10  PM
IM_00936,07/08/23 02:00:10  PM
IM_00937,07/08/23 03:00:10  PM
IM_00938,07/08/23 04:00:10  PM
IM_00939,07/08/23 05:00:10  PM
IM_00940,07/08/23 06:00:11  PM
IM_00941,07/08/23 07:00:11  PM
IM_00942,07/08/23 08:00:11  PM
IM_00943,07/08/23 09:00:11  PM
IM_00944,07/08/23 10:00:11  PM
IM_00945,07/08/23 11:00:11  PM
IM_00946,07/09/23 12:00:11  AM
IM_00947,07/09/23 01:00:11  AM
IM_00948,07/09/23 02:00:10  AM
IM_00949,07/09/23 03:00:11  AM
IM_00950,07/09/23 04:00:10  AM
IM_00951,07/09/23 05:00:10  AM
IM_00952,07/09/23 06:00:11  AM
IM_00953,07/09/23 07:00:11  AM
IM_00954,07/09/23 08:00:11  AM
IM_00955,07/09/23 09:00:11  AM
IM_00956,07/09/23 10:00:11  AM
IM_00957,07/09/23 11:00:10  AM
IM_00958,07/09/23 12:00:10  PM
IM_00959,07/09/23 01:00:10  PM
IM_00960,07/09/23 02:00:10  PM
IM_00961,07/09/23 03:00:10  PM
IM_00962,07/09/23 04:00:10  PM
IM_00963,07/09/23 05:00:10  PM
IM_00964,07/09/23 06:00:11  PM
IM_00965,07/09/23 07:00:11  PM
IM_00966,07/09/23 08:00:11  PM
IM_00967,07/09/23 09:00:11  PM
IM_00968,07/09/23 10:00:11  PM
IM_00969,07/09/23 11:00:11  PM
IM_00970,07/10/23 12:00:11  AM
IM_00971,07/10/23 01:00:11  AM
IM_00972,07/10/23 02:00:10  AM
IM_00973,07/10/23 03:00:10  AM
IM_00974,07/10/23 04:00:10  AM
IM_00975,07/10/23 05:00:10  AM
IM_00976,07/10/23 06:00:11  AM
IM_00977,07/10/23 07:00:11  AM
IM_00978,07/10/23 08:00:11  AM
IM_00979,07/10/23 09:00:11  AM
IM_00980,07/10/23 10:00:11  AM
IM_00981,07/10/23 11:00:10  AM
IM_00982,07/10/23 12:00:10  PM
IM_00983,07/10/23 01:00:10  PM
IM_00984,07/10/23 02:00:10  PM
IM_00985,07/10/23 03:00:10  PM
IM_00986,07/10/23 04:00:10  PM
IM_00987,07/10/23 05:00:10  PM
IM_00988,07/10/23 06:00:11  PM
IM_00989,07/10/23 07:00:11  PM
IM_00990,07/10/23 08:00:11  PM
IM_00991,07/10/23 09:00:11  PM
IM_00992,07/10/23 10:00:11  PM
IM_00993,07/10/23 11:00:11  PM
IM_00994,07/11/23 12:00:11  AM
IM_00995,07/11/23 01:00:11  AM
IM_00996,07/11/23 02:00:11  AM
IM_00997,07/11/23 03:00:11  AM
IM_00998,07/11/23 04:00:10  AM
IM_00999,07/11/23 05:00:10  AM
IM_01000,07/11/23 06:00:11  AM
IM_01001,07/11/23 07:00:11  AM
IM_01002,07/11/23 08:00:11  AM
IM_01003,07/11/23 09:00:11  AM
IM_01004,07/11/23 10:00:11  AM
IM_01005,07/11/23 11:00:10  AM
IM_01006,07/11/23 12:00:10  PM
IM_01007,07/11/23 01:00:10  PM
IM_01008,07/11/23 02:00:10  PM
IM_01009,07/11/23 03:00:10  PM
IM_01010,07/11/23 04:00:10  PM
IM_01011,07/11/23 05:00:10  PM
IM_01012,07/11/23 06:00:11  PM
IM_01013,07/11/23 07:00:11  PM
IM_01014,07/11/23 08:00:11  PM
IM_01015,07/11/23 09:00:11  PM
IM_01016,07/11/23 10:00:11  PM
IM_01017,07/11/23 11:00:11  PM
IM_01018,07/12/23 12:00:11  AM
IM_01019,07/12/23 01:00:11  AM
IM_01020,07/12/23 02:00:11  AM
IM_01021,07/12/23 03:00:11  AM
IM_01022,07/12/23 04:00:11  AM
IM_01023,07/12/23 05:00:10  AM
IM_01024,07/12/23 06:00:11  AM
IM_01025,07/12/23 07:00:11  AM
IM_01026,07/12/23 08:00:11  AM
IM_01027,07/12/23 09:00:11  AM
IM_01028,07/12/23 10:00:11  AM
IM_01029,07/12/23 11:00:11  AM
IM_01030,07/12/23 12:00:11  PM
IM_01031,07/12/23 01:00:10  PM
IM_01032,07/12/23 02:00:10  PM
IM_01033,07/12/23 03:00:10  PM
IM_01034,07/12/23 04:00:10  PM
IM_01035,07/12/23 05:00:11  PM
IM_01036,07/12/23 06:00:11  PM
IM_01037,07/12/23 07:00:11  PM
IM_01038,07/12/23 08:00:11  PM
IM_01039,07/12/23 09:00:11  PM
IM_01040,07/12/23 10:00:11  PM
IM_01041,07/12/23 11:00:11  PM
IM_01042,07/13/23 12:00:11  AM
IM_01043,07/13/23 01:00:11  AM
IM_01044,07/13/23 02:00:11  AM
IM_01045,07/13/23 03:00:11  AM
IM_01046,07/13/23 04:00:11  AM
IM_01047,07/13/23 05:00:11  AM
IM_01048,07/13/23 06:00:11  AM
IM_01049,07/13/23 07:00:11  AM
IM_01050,07/13/23 08:00:11  AM
IM_01051,07/13/23 09:00:11  AM
IM_01052,07/13/23 10:00:11  AM
IM_01053,07/13/23 11:00:11  AM
IM_01054,07/13/23 12:00:10  PM
IM_01055,07/13/23 01:00:10  PM
IM_01056,07/13/23 02:00:10  PM
IM_01057,07/13/23 03:00:11  PM
IM_01058,07/13/23 04:00:11  PM
IM_01059,07/13/23 05:00:11  PM
IM_01060,07/13/23 06:00:11  PM
IM_01061,07/13/23 07:00:11  PM
IM_01062,07/13/23 08:00:11  PM
IM_01063,07/13/23 09:00:11  PM
IM_01064,07/13/23 10:00:10  PM
IM_01065,07/13/23 11:00:10  PM
IM_01066,07/14/23 12:00:10  AM
IM_01067,07/14/23 01:00:10  AM
IM_01068,07/14/23 02:00:12  AM
IM_01069,07/14/23 03:00:12  AM
IM_01070,07/14/23 04:00:11  AM
IM_01071,07/14/23 05:00:11  AM
IM_01072,07/14/23 06:00:11  AM
IM_01073,07/14/23 07:00:11  AM
IM_01074,07/14/23 08:00:11  AM
IM_01075,07/14/23 09:00:11  AM
IM_01076,07/14/23 10:00:10  AM
IM_01077,07/14/23 11:00:10  AM
IM_01078,07/14/23 12:00:10  PM
IM_01079,07/14/23 01:00:11  PM
IM_01080,07/14/23 02:00:11  PM
IM_01081,07/14/23 03:00:11  PM
IM_01082,07/14/23 04:00:11  PM
IM_01083,07/14/23 05:00:11  PM
IM_01084,07/14/23 06:00:11  PM
IM_01085,07/14/23 07:00:11  PM
IM_01086,07/14/23 08:00:10  PM
IM_01087,07/14/23 09:00:10  PM
IM_01088,07/14/23 10:00:10  PM
IM_01089,07/14/23 11:00:10  PM
IM_01090,07/15/23 12:00:10  AM
IM_01091,07/15/23 01:00:11  AM
IM_01092,07/15/23 02:00:12  AM
IM_01093,07/15/23 03:00:12  AM
IM_01094,07/15/23 04:00:11  AM
IM_01095,07/15/23 05:00:11  AM
IM_01096,07/15/23 06:00:11  AM
IM_01097,07/15/23 07:00:11  AM
IM_01098,07/15/23 08:00:10  AM
IM_01099,07/15/23 09:00:10  AM
IM_01100,07/15/23 10:00:10  AM
IM_01101,07/15/23 11:00:10  AM
IM_01102,07/15/23 12:00:10  PM
IM_01103,07/15/23 01:00:11  PM
IM_01104,07/15/23 02:00:11  PM
IM_01105,07/15/23 03:00:11  PM
IM_01106,07/15/23 04:00:11  PM
IM_01107,07/15/23 05:00:11  PM
IM_01108,07/15/23 06:00:10  PM
IM_01109,07/15/23 07:00:10  PM
IM_01110,07/15/23 08:00:10  PM
IM_01111,07/15/23 09:00:10  PM
IM_01112,07/15/23 10:00:10  PM
IM_01113,07/15/23 11:00:10  PM
IM_01114,07/16/23 12:00:10  AM
IM_01115,07/16/23 01:00:11  AM
IM_01116,07/16/23 02:00:12  AM
IM_01117,07/16/23 03:00:12  AM
IM_01118,07/16/23 04:00:11  AM
IM_01119,07/16/23 05:00:11  AM
IM_01120,07/16/23 06:00:11  AM
IM_01121,07/16/23 07:00:10  AM
IM_01122,07/16/23 08:00:10  AM
IM_01123,07/16/23 09:00:10  AM
IM_01124,07/16/23 10:00:10  AM
IM_01125,07/16/23 11:00:10  AM
IM_01126,07/16/23 12:00:10  PM
IM_01127,07/16/23 01:00:11  PM
IM_01128,07/16/23 02:00:11  PM
IM_01129,07/16/23 03:00:11  PM
IM_01130,07/16/23 04:00:11  PM
IM_01131,07/16/23 05:00:11  PM
IM_01132,07/16/23 06:00:10  PM
IM_01133,07/16/23 07:00:10  PM
IM_01134,07/16/23 08:00:10  PM
IM_01135,07/16/23 09:00:10  PM
IM_01136,07/16/23 10:00:10  PM
IM_01137,07/16/23 11:00:10  PM
IM_01138,07/17/23 12:00:10  AM
IM_01139,07/17/23 01:00:11  AM
IM_01140,07/17/23 02:00:12  AM
IM_01141,07/17/23 03:00:12  AM
IM_01142,07/17/23 04:00:11  AM
IM_01143,07/17/23 05:00:11  AM
IM_01144,07/17/23 06:00:11  AM
IM_01145,07/17/23 07:00:11  AM
IM_01146,07/17/23 08:00:10  AM
IM_01147,07/17/23 09:00:10  AM
IM_01148,07/17/23 10:00:10  AM
IM_01149,07/17/23 11:00:10  AM
IM_01150,07/17/23 12:00:10  PM
IM_01151,07/17/23 01:00:11  PM
IM_01152,07/17/23 02:00:11  PM
IM_01153,07/17/23 03:00:11  PM
IM_01154,07/17/23 04:00:11  PM
IM_01155,07/17/23 05:00:11  PM
IM_01156,07/17/23 06:00:10  PM
IM_01157,07/17/23 07:00:10  PM
IM_01158,07/17/23 08:00:10  PM
IM_01159,07/17/23 09:00:10  PM
IM_01160,07/17/23 10:00:10  PM
IM_01161,07/17/23 11:00:10  PM
IM_01162,07/18/23 12:00:10  AM
IM_01163,07/18/23 01:00:12  AM
IM_01164,07/18/23 02:00:12  AM
IM_01165,07/18/23 03:00:12  AM
IM_01166,07/18/23 04:00:12  AM
IM_01167,07/18/23 05:00:11  AM
IM_01168,07/18/23 06:00:11  AM
IM_01169,07/18/23 07:00:11  AM
IM_01170,07/18/23 08:00:10  AM
IM_01171,07/18/23 09:00:10  AM
IM_01172,07/18/23 10:00:10  AM
IM_01173,07/18/23 11:00:10  AM
IM_01174,07/18/23 12:00:11  PM
IM_01175,07/18/23 01:00:11  PM
IM_01176,07/18/23 02:00:11  PM
IM_01177,07/18/23 03:00:11  PM
IM_01178,07/18/23 04:00:11  PM
IM_01179,07/18/23 05:00:10  PM
IM_01180,07/18/23 06:00:11  PM
IM_01181,07/18/23 07:00:10  PM
IM_01182,07/18/23 08:00:10  PM
IM_01183,07/18/23 09:00:10  PM
IM_01184,07/18/23 10:00:10  PM
IM_01185,07/18/23 11:00:10  PM
IM_01186,07/19/23 12:00:11  AM
IM_01187,07/19/23 01:00:12  AM
IM_01188,07/19/23 02:00:12  AM
IM_01189,07/19/23 03:00:12  AM
IM_01190,07/19/23 04:00:11  AM
IM_01191,07/19/23 05:00:11  AM
IM_01192,07/19/23 06:00:10  AM
IM_01193,07/19/23 07:00:10  AM
IM_01194,07/19/23 08:00:10  AM
IM_01195,07/19/23 09:00:10  AM
IM_01196,07/19/23 10:00:10  AM
IM_01197,07/19/23 11:00:11  AM
IM_01198,07/19/23 12:00:11  PM
IM_01199,07/19/23 01:00:11  PM
IM_01200,07/19/23 02:00:11  PM
IM_01201,07/19/23 03:00:11  PM
IM_01202,07/19/23 04:00:11  PM
IM_01203,07/19/23 05:00:11  PM
IM_01204,07/19/23 06:00:11  PM
IM_01205,07/19/23 07:00:10  PM
IM_01206,07/19/23 08:00:10  PM
IM_01207,07/19/23 09:00:10  PM
IM_01208,07/19/23 10:00:10  PM
IM_01209,07/19/23 11:00:11  PM
IM_01210,07/20/23 12:00:11  AM
IM_01211,07/20/23 01:00:11  AM
IM_01212,07/20/23 02:00:12  AM
IM_01213,07/20/23 03:00:11  AM
IM_01214,07/20/23 04:00:11  AM
IM_01215,07/20/23 05:00:11  AM
IM_01216,07/20/23 06:00:11  AM
IM_01217,07/20/23 07:00:10  AM
IM_01218,07/20/23 08:00:10  AM
IM_01219,07/20/23 09:00:10  AM
IM_01220,07/20/23 10:00:11  AM
IM_01221,07/20/23 11:00:11  AM
IM_01222,07/20/23 12:00:11  PM
IM_01223,07/20/23 01:00:11  PM
IM_01224,07/20/23 02:00:11  PM
IM_01225,07/20/23 03:00:11  PM
IM_01226,07/20/23 04:00:10  PM
IM_01227,07/20/23 05:00:10  PM
IM_01228,07/20/23 06:00:11  PM
IM_01229,07/20/23 07:00:10  PM
IM_01230,07/20/23 08:00:10  PM
IM_01231,07/20/23 09:00:10  PM
IM_01232,07/20/23 10:00:11  PM
IM_01233,07/20/23 11:00:11  PM
IM_01234,07/21/23 12:00:11  AM
IM_01235,07/21/23 01:00:12  AM
IM_01236,07/21/23 02:00:12  AM
IM_01237,07/21/23 03:00:12  AM
IM_01238,07/21/23 04:00:11  AM
IM_01239,07/21/23 05:00:10  AM
IM_01240,07/21/23 06:00:10  AM
IM_01241,07/21/23 07:00:10  AM
IM_01242,07/21/23 08:00:10  AM
IM_01243,07/21/23 09:00:10  AM
IM_01244,07/21/23 10:00:11  AM
IM_01245,07/21/23 11:00:11  AM
IM_01246,07/21/23 12:00:11  PM
IM_01247,07/21/23 01:00:11  PM
IM_01248,07/21/23 02:00:11  PM
IM_01249,07/21/23 03:00:10  PM
IM_01250,07/21/23 04:00:10  PM
IM_01251,07/21/23 05:00:10  PM
IM_01252,07/21/23 06:00:10  PM
IM_01253,07/21/23 07:00:10  PM
IM_01254,07/21/23 08:00:10  PM
IM_01255,07/21/23 09:00:10  PM
IM_01256,07/21/23 10:00:11  PM
IM_01257,07/21/23 11:00:11  PM
IM_01258,07/22/23 12:00:11  AM
IM_01259,07/22/23 01:00:12  AM
IM_01260,07/22/23 02:00:12  AM
IM_01261,07/22/23 03:00:12  AM
IM_01262,07/22/23 04:00:11  AM
IM_01263,07/22/23 05:00:11  AM
IM_01264,07/22/23 06:00:10  AM
IM_01265,07/22/23 07:00:10  AM
IM_01266,07/22/23 08:00:10  AM
IM_01267,07/22/23 09:00:11  AM
IM_01268,07/22/23 10:00:11  AM
IM_01269,07/22/23 11:00:11  AM
IM_01270,07/22/23 12:00:11  PM
IM_01271,07/22/23 01:00:11  PM
IM_01272,07/22/23 02:00:10  PM
IM_01273,07/22/23 03:00:10  PM
IM_01274,07/22/23 04:00:10  PM
IM_01275,07/22/23 05:00:10  PM
IM_01276,07/22/23 06:00:10  PM
IM_01277,07/22/23 07:00:10  PM
IM_01278,07/22/23 08:00:10  PM
IM_01279,07/22/23 09:00:11  PM
IM_01280,07/22/23 10:00:11  PM
IM_01281,07/22/23 11:00:11  PM
IM_01282,07/23/23 12:00:11  AM
IM_01283,07/23/23 01:00:12  AM
IM_01284,07/23/23 02:00:12  AM
IM_01285,07/23/23 03:00:11  AM
IM_01286,07/23/23 04:00:11  AM
IM_01287,07/23/23 05:00:10  AM
IM_01288,07/23/23 06:00:10  AM
IM_01289,07/23/23 07:00:10  AM
IM_01290,07/23/23 08:00:11  AM
IM_01291,07/23/23 09:00:11  AM
IM_01292,07/23/23 10:00:11  AM
IM_01293,07/23/23 11:00:11  AM
IM_01294,07/23/23 12:00:11  PM
IM_01295,07/23/23 01:00:11  PM
IM_01296,07/23/23 02:00:11  PM
IM_01297,07/23/23 03:00:10  PM
IM_01298,07/23/23 04:00:10  PM
IM_01299,07/23/23 05:00:10  PM
IM_01300,07/23/23 06:00:10  PM
IM_01301,07/23/23 07:00:10  PM
IM_01302,07/23/23 08:00:11  PM
IM_01303,07/23/23 09:00:11  PM
IM_01304,07/23/23 10:00:11  PM
IM_01305,07/23/23 11:00:11  PM
IM_01306,07/24/23 12:00:11  AM
IM_01307,07/24/23 01:00:12  AM
IM_01308,07/24/23 02:00:11  AM
IM_01309,07/24/23 03:00:11  AM
IM_01310,07/24/23 04:00:11  AM
IM_01311,07/24/23 05:00:10  AM
IM_01312,07/24/23 06:00:10  AM
IM_01313,07/24/23 07:00:11  AM
IM_01314,07/24/23 08:00:11  AM
IM_01315,07/24/23 09:00:11  AM
IM_01316,07/24/23 10:00:11  AM
IM_01317,07/24/23 11:00:11  AM
IM_01318,07/24/23 12:00:11  PM
IM_01319,07/24/23 01:00:11  PM
IM_01320,07/24/23 02:00:11  PM
IM_01321,07/24/23 03:00:10  PM
IM_01322,07/24/23 04:00:10  PM
IM_01323,07/24/23 05:00:10  PM
IM_01324,07/24/23 06:00:10  PM
IM_01325,07/24/23 07:00:11  PM
IM_01326,07/24/23 08:00:11  PM
IM_01327,07/24/23 09:00:11  PM
IM_01328,07/24/23 10:00:11  PM
IM_01329,07/24/23 11:00:11  PM
IM_01330,07/25/23 12:00:11  AM
IM_01331,07/25/23 01:00:11  AM
IM_01332,07/25/23 02:00:11  AM
IM_01333,07/25/23 03:00:11  AM
IM_01334,07/25/23 04:00:11  AM
IM_01335,07/25/23 05:00:10  AM
IM_01336,07/25/23 06:00:11  AM
IM_01337,07/25/23 07:00:11  AM
IM_01338,07/25/23 08:00:11  AM
IM_01339,07/25/23 09:00:11  AM
IM_01340,07/25/23 10:00:11  AM
IM_01341,07/25/23 11:00:11  AM
IM_01342,07/25/23 12:00:11  PM
IM_01343,07/25/23 01:00:10  PM
IM_01344,07/25/23 02:00:10  PM
IM_01345,07/25/23 03:00:10  PM
IM_01346,07/25/23 04:00:10  PM
IM_01347,07/25/23 05:00:11  PM
IM_01348,07/25/23 06:00:11  PM
IM_01349,07/25/23 07:00:11  PM
IM_01350,07/25/23 08:00:11  PM
IM_01351,07/25/23 09:00:11  PM
IM_01352,07/25/23 10:00:11  PM
IM_01353,07/25/23 11:00:11  PM
IM_01354,07/26/23 12:00:11  AM
IM_01355,07/26/23 01:00:11  AM
IM_01356,07/26/23 02:00:11  AM
IM_01357,07/26/23 03:00:11  AM
IM_01358,07/26/23 04:00:11  AM
IM_01359,07/26/23 05:00:11  AM
IM_01360,07/26/23 06:00:11  AM
IM_01361,07/26/23 07:00:11  AM
IM_01362,07/26/23 08:00:11  AM
IM_01363,07/26/23 09:00:11  AM
IM_01364,07/26/23 10:00:11  AM
IM_01365,07/26/23 11:00:10  AM
IM_01366,07/26/23 12:00:10  PM
IM_01367,07/26/23 01:00:10  PM
IM_01368,07/26/23 02:00:10  PM
IM_01369,07/26/23 03:00:10  PM
IM_01370,07/26/23 04:00:11  PM
IM_01371,07/26/23 05:00:11  PM
IM_01372,07/26/23 06:00:11  PM
IM_01373,07/26/23 07:00:11  PM
IM_01374,07/26/23 08:00:11  PM
IM_01375,07/26/23 09:00:11  PM
IM_01376,07/26/23 10:00:11  PM
IM_01377,07/26/23 11:00:10  PM
IM_01378,07/27/23 12:00:10  AM
IM_01379,07/27/23 01:00:11  AM
IM_01380,07/27/23 02:00:11  AM
IM_01381,07/27/23 03:00:11  AM
IM_01382,07/27/23 04:00:12  AM
IM_01383,07/27/23 05:00:11  AM
IM_01384,07/27/23 06:00:11  AM
IM_01385,07/27/23 07:00:11  AM
IM_01386,07/27/23 08:00:11  AM
IM_01387,07/27/23 09:00:11  AM
IM_01388,07/27/23 10:00:11  AM
IM_01389,07/27/23 11:00:10  AM
IM_01390,07/27/23 12:00:10  PM
IM_01391,07/27/23 01:00:10  PM
IM_01392,07/27/23 02:00:10  PM
IM_01393,07/27/23 03:00:11  PM
IM_01394,07/27/23 04:00:11  PM
IM_01395,07/27/23 05:00:11  PM
IM_01396,07/27/23 06:00:11  PM
IM_01397,07/27/23 07:00:11  PM
IM_01398,07/27/23 08:00:11  PM
IM_01399,07/27/23 09:00:11  PM
IM_01400,07/27/23 10:00:10  PM
IM_01401,07/27/23 11:00:10  PM
IM_01402,07/28/23 12:00:10  AM
IM_01403,07/28/23 01:00:11  AM
IM_01404,07/28/23 02:00:11  AM
IM_01405,07/28/23 03:00:12  AM
IM_01406,07/28/23 04:00:12  AM
IM_01407,07/28/23 05:00:11  AM
IM_01408,07/28/23 06:00:11  AM
IM_01409,07/28/23 07:00:11  AM
IM_01410,07/28/23 08:00:11  AM
IM_01411,07/28/23 09:00:10  AM
IM_01412,07/28/23 10:00:10  AM
IM_01413,07/28/23 11:00:10  AM
IM_01414,07/28/23 12:00:10  PM
IM_01415,07/28/23 01:00:10  PM
IM_01416,07/28/23 02:00:10  PM
IM_01417,07/28/23 03:00:11  PM
IM_01418,07/28/23 04:00:11  PM
IM_01419,07/28/23 05:00:11  PM
IM_01420,07/28/23 06:00:11  PM
IM_01421,07/28/23 07:00:11  PM
IM_01422,07/28/23 08:00:10  PM
IM_01423,07/28/23 09:00:11  PM
IM_01424,07/28/23 10:00:10  PM
IM_01425,07/28/23 11:00:10  PM
IM_01426,07/29/23 12:00:10  AM
IM_01427,07/29/23 01:00:11  AM
IM_01428,07/29/23 02:00:11  AM
IM_01429,07/29/23 03:00:12  AM
IM_01430,07/29/23 04:00:12  AM
IM_01431,07/29/23 05:00:11  AM
IM_01432,07/29/23 06:00:11  AM
IM_01433,07/29/23 07:00:11  AM
IM_01434,07/29/23 08:00:11  AM
IM_01435,07/29/23 09:00:10  AM
IM_01436,07/29/23 10:00:10  AM
IM_01437,07/29/23 11:00:10  AM
IM_01438,07/29/23 12:00:10  PM
IM_01439,07/29/23 01:00:10  PM
IM_01440,07/29/23 02:00:10  PM
IM_01441,07/29/23 03:00:11  PM
IM_01442,07/29/23 04:00:11  PM
IM_01443,07/29/23 05:00:11  PM
IM_01444,07/29/23 06:00:11  PM
IM_01445,07/29/23 07:00:11  PM
IM_01446,07/29/23 08:00:11  PM
IM_01447,07/29/23 09:00:11  PM
IM_01448,07/29/23 10:00:11  PM
IM_01449,07/29/23 11:00:10  PM
IM_01450,07/30/23 12:00:11  AM
IM_01451,07/30/23 01:00:11  AM
IM_01452,07/30/23 02:00:11  AM
IM_01453,07/30/23 03:00:12  AM
IM_01454,07/30/23 04:00:12  AM
IM_01455,07/30/23 05:00:11  AM
IM_01456,07/30/23 06:00:11  AM
IM_01457,07/30/23 07:00:11  AM
IM_01458,07/30/23 08:00:11  AM
IM_01459,07/30/23 09:00:10  AM
IM_01460,07/30/23 10:00:10  AM
IM_01461,07/30/23 11:00:10  AM
IM_01462,07/30/23 12:00:10  PM
IM_01463,07/30/23 01:00:10  PM
IM_01464,07/30/23 02:00:10  PM
IM_01465,07/30/23 03:00:11  PM
IM_01466,07/30/23 04:00:11  PM
IM_01467,07/30/23 05:00:11  PM
IM_01468,07/30/23 06:00:11  PM
IM_01469,07/30/23 07:00:11  PM
IM_01470,07/30/23 08:00:11  PM
IM_01471,07/30/23 09:00:11  PM
IM_01472,07/30/23 10:00:11  PM
IM_01473,07/30/23 11:00:10  PM
IM_01474,07/31/23 12:00:10  AM
IM_01475,07/31/23 01:00:11  AM
IM_01476,07/31/23 02:00:11  AM
IM_01477,07/31/23 03:00:12  AM
IM_01478,07/31/23 04:00:12  AM
IM_01479,07/31/23 05:00:11  AM
IM_01480,07/31/23 06:00:11  AM
IM_01481,07/31/23 07:00:11  AM
IM_01482,07/31/23 08:00:11  AM
IM_01483,07/31/23 09:00:11  AM
IM_01484,07/31/23 10:00:10  AM
IM_01485,07/31/23 11:00:10  AM
IM_01486,07/31/23 12:00:10  PM
IM_01487,07/31/23 01:00:10  PM
IM_01488,07/31/23 02:00:11  PM
IM_01489,07/31/23 03:00:11  PM
IM_01490,07/31/23 04:00:11  PM
IM_01491,07/31/23 05:00:11  PM
IM_01492,07/31/23 06:00:11  PM
IM_01493,07/31/23 07:00:11  PM
IM_01494,07/31/23 08:00:11  PM
IM_01495,07/31/23 09:00:11  PM
IM_01496,07/31/23 10:00:10  PM
IM_01497,07/31/23 11:00:10  PM
IM_01498,08/01/23 12:00:10  AM
IM_01499,08/01/23 01:00:12  AM
IM_01500,08/01/23 02:00:12  AM
IM_01501,08/01/23 03:00:12  AM
IM_01502,08/01/23 04:00:12  AM
IM_01503,08/01/23 05:00:11  AM
IM_01504,08/01/23 06:00:11  AM
IM_01505,08/01/23 07:00:11  AM
IM_01506,08/01/23 08:00:11  AM
IM_01507,08/01/23 09:00:10  AM
IM_01508,08/01/23 10:00:10  AM
IM_01509,08/01/23 11:00:10  AM
IM_01510,08/01/23 12:00:11  PM
IM_01511,08/01/23 01:00:11  PM
IM_01512,08/01/23 02:00:11  PM
IM_01513,08/01/23 03:00:11  PM
IM_01514,08/01/23 04:00:11  PM
IM_01515,08/01/23 05:00:11  PM
IM_01516,08/01/23 06:00:11  PM
IM_01517,08/01/23 07:00:11  PM
IM_01518,08/01/23 08:00:11  PM
IM_01519,08/01/23 09:00:10  PM
IM_01520,08/01/23 10:00:10  PM
IM_01521,08/01/23 11:00:10  PM
IM_01522,08/02/23 12:00:11  AM
IM_01523,08/02/23 01:00:12  AM
IM_01524,08/02/23 02:00:12  AM
IM_01525,08/02/23 03:00:12  AM
IM_01526,08/02/23 04:00:12  AM
IM_01527,08/02/23 05:00:11  AM
IM_01528,08/02/23 06:00:11  AM
IM_01529,08/02/23 07:00:11  AM
IM_01530,08/02/23 08:00:10  AM
IM_01531,08/02/23 09:00:10  AM
IM_01532,08/02/23 10:00:10  AM
IM_01533,08/02/23 11:00:10  AM
IM_01534,08/02/23 12:00:11  PM
IM_01535,08/02/23 01:00:11  PM
IM_01536,08/02/23 02:00:11  PM
IM_01537,08/02/23 03:00:11  PM
IM_01538,08/02/23 04:00:11  PM
IM_01539,08/02/23 05:00:11  PM
IM_01540,08/02/23 06:00:11  PM
IM_01541,08/02/23 07:00:10  PM
IM_01542,08/02/23 08:00:10  PM
IM_01543,08/02/23 09:00:10  PM
IM_01544,08/02/23 10:00:10  PM
IM_01545,08/02/23 11:00:10  PM
IM_01546,08/03/23 12:00:12  AM
IM_01547,08/03/23 01:00:12  AM
IM_01548,08/03/23 02:00:12  AM
IM_01549,08/03/23 03:00:12  AM
IM_01550,08/03/23 04:00:11  AM
IM_01551,08/03/23 05:00:11  AM
IM_01552,08/03/23 06:00:10  AM
IM_01553,08/03/23 07:00:10  AM
IM_01554,08/03/23 08:00:10  AM
IM_01555,08/03/23 09:00:10  AM
IM_01556,08/03/23 10:00:10  AM
IM_01557,08/03/23 11:00:11  AM
IM_01558,08/03/23 12:00:11  PM
IM_01559,08/03/23 01:00:11  PM
IM_01560,08/03/23 02:00:11  PM
IM_01561,08/03/23 03:00:10  PM
IM_01562,08/03/23 04:00:11  PM
IM_01563,08/03/23 05:00:11  PM
IM_01564,08/03/23 06:00:10  PM
IM_01565,08/03/23 07:00:11  PM
IM_01566,08/03/23 08:00:10  PM
IM_01567,08/03/23 09:00:10  PM
IM_01568,08/03/23 10:00:10  PM
IM_01569,08/03/23 11:00:11  PM
IM_01570,08/04/23 12:00:12  AM
IM_01571,08/04/23 01:00:12  AM
IM_01572,08/04/23 02:00:12  AM
IM_01573,08/04/23 03:00:12  AM
IM_01574,08/04/23 04:00:12  AM
IM_01575,08/04/23 05:00:11  AM
IM_01576,08/04/23 06:00:10  AM
IM_01577,08/04/23 07:00:10  AM
IM_01578,08/04/23 08:00:10  AM
IM_01579,08/04/23 09:00:10  AM
IM_01580,08/04/23 10:00:11  AM
IM_01581,08/04/23 11:00:11  AM
IM_01582,08/04/23 12:00:11  PM
IM_01583,08/04/23 01:00:11  PM
IM_01584,08/04/23 02:00:11  PM
IM_01585,08/04/23 03:00:11  PM
IM_01586,08/04/23 04:00:11  PM
IM_01587,08/04/23 05:00:11  PM
IM_01588,08/04/23 06:00:10  PM
IM_01589,08/04/23 07:00:10  PM
IM_01590,08/04/23 08:00:10  PM
IM_01591,08/04/23 09:00:10  PM
IM_01592,08/04/23 10:00:10  PM
IM_01593,08/04/23 11:00:11  PM
IM_01594,08/05/23 12:00:12  AM
IM_01595,08/05/23 01:00:12  AM
IM_01596,08/05/23 02:00:12  AM
IM_01597,08/05/23 03:00:12  AM
IM_01598,08/05/23 04:00:12  AM
IM_01599,08/05/23 05:00:11  AM
IM_01600,08/05/23 06:00:10  AM
IM_01601,08/05/23 07:00:10  AM
IM_01602,08/05/23 08:00:10  AM
IM_01603,08/05/23 09:00:10  AM
IM_01604,08/05/23 10:00:11  AM
IM_01605,08/05/23 11:00:11  AM
IM_01606,08/05/23 12:00:11  PM
IM_01607,08/05/23 01:00:11  PM
IM_01608,08/05/23 02:00:11  PM
IM_01609,08/05/23 03:00:11  PM
IM_01610,08/05/23 04:00:11  PM
IM_01611,08/05/23 05:00:11  PM
IM_01612,08/05/23 06:00:10  PM
IM_01613,08/05/23 07:00:10  PM
IM_01614,08/05/23 08:00:10  PM
IM_01615,08/05/23 09:00:10  PM
IM_01616,08/05/23 10:00:10  PM
IM_01617,08/05/23 11:00:11  PM
IM_01618,08/06/23 12:00:12  AM
IM_01619,08/06/23 01:00:12  AM
IM_01620,08/06/23 02:00:12  AM
IM_01621,08/06/23 03:00:12  AM
IM_01622,08/06/23 04:00:12  AM
IM_01623,08/06/23 05:00:11  AM
IM_01624,08/06/23 06:00:10  AM
IM_01625,08/06/23 07:00:10  AM
IM_01626,08/06/23 08:00:10  AM
IM_01627,08/06/23 09:00:10  AM
IM_01628,08/06/23 10:00:11  AM
IM_01629,08/06/23 11:00:11  AM
IM_01630,08/06/23 12:00:11  PM
IM_01631,08/06/23 01:00:11  PM
IM_01632,08/06/23 02:00:11  PM
IM_01633,08/06/23 03:00:10  PM
IM_01634,08/06/23 04:00:10  PM
IM_01635,08/06/23 05:00:10  PM
IM_01636,08/06/23 06:00:10  PM
IM_01637,08/06/23 07:00:10  PM
IM_01638,08/06/23 08:00:10  PM
IM_01639,08/06/23 09:00:10  PM
IM_01640,08/06/23 10:00:10  PM
IM_01641,08/06/23 11:00:11  PM
IM_01642,08/07/23 12:00:12  AM
IM_01643,08/07/23 01:00:12  AM
IM_01644,08/07/23 02:00:12  AM
IM_01645,08/07/23 03:00:12  AM
IM_01646,08/07/23 04:00:12  AM
IM_01647,08/07/23 05:00:11  AM
IM_01648,08/07/23 06:00:10  AM
IM_01649,08/07/23 07:00:10  AM
IM_01650,08/07/23 08:00:10  AM
IM_01651,08/07/23 09:00:10  AM
IM_01652,08/07/23 10:00:11  AM
IM_01653,08/07/23 11:00:11  AM
IM_01654,08/07/23 12:00:11  PM
IM_01655,08/07/23 01:00:11  PM
IM_01656,08/07/23 02:00:11  PM
IM_01657,08/07/23 03:00:11  PM
IM_01658,08/07/23 04:00:10  PM
IM_01659,08/07/23 05:00:11  PM
IM_01660,08/07/23 06:00:10  PM
IM_01661,08/07/23 07:00:10  PM
IM_01662,08/07/23 08:00:10  PM
IM_01663,08/07/23 09:00:10  PM
IM_01664,08/07/23 10:00:11  PM
IM_01665,08/07/23 11:00:11  PM
IM_01666,08/08/23 12:00:12  AM
IM_01667,08/08/23 01:00:12  AM
IM_01668,08/08/23 02:00:12  AM
IM_01669,08/08/23 03:00:12  AM
IM_01670,08/08/23 04:00:11  AM
IM_01671,08/08/23 05:00:11  AM
IM_01672,08/08/23 06:00:10  AM
IM_01673,08/08/23 07:00:10  AM
IM_01674,08/08/23 08:00:10  AM
IM_01675,08/08/23 09:00:11  AM
IM_01676,08/08/23 10:00:11  AM
IM_01677,08/08/23 11:00:11  AM
IM_01678,08/08/23 12:00:11  PM
IM_01679,08/08/23 01:00:11  PM
IM_01680,08/08/23 02:00:11  PM
IM_01681,08/08/23 03:00:11  PM
IM_01682,08/08/23 04:00:11  PM
IM_01683,08/08/23 05:00:10  PM
IM_01684,08/08/23 06:00:10  PM
IM_01685,08/08/23 07:00:10  PM
IM_01686,08/08/23 08:00:10  PM
IM_01687,08/08/23 09:00:11  PM
IM_01688,08/08/23 10:00:11  PM
IM_01689,08/08/23 11:00:11  PM
IM_01690,08/09/23 12:00:11  AM
IM_01691,08/09/23 01:00:12  AM
IM_01692,08/09/23 02:00:11  AM
IM_01693,08/09/23 03:00:11  AM
IM_01694,08/09/23 04:00:11  AM
IM_01695,08/09/23 05:00:11  AM
IM_01696,08/09/23 06:00:10  AM
IM_01697,08/09/23 07:00:11  AM
IM_01698,08/09/23 08:00:11  AM
IM_01699,08/09/23 09:00:11  AM
IM_01700,08/09/23 10:00:11  AM
IM_01701,08/09/23 11:00:11  AM
IM_01702,08/09/23 12:00:10  PM
IM_01703,08/09/23 01:00:10  PM
IM_01704,08/09/23 02:00:10  PM
IM_01705,08/09/23 03:00:10  PM
IM_01706,08/09/23 04:00:10  PM
IM_01707,08/09/23 05:00:10  PM
IM_01708,08/09/23 06:00:10  PM
IM_01709,08/09/23 07:00:11  PM
IM_01710,08/09/23 08:00:11  PM
IM_01711,08/09/23 09:00:11  PM
IM_01712,08/09/23 10:00:11  PM
IM_01713,08/09/23 11:00:11  PM
IM_01714,08/10/23 12:00:12  AM
IM_01715,08/10/23 01:00:11  AM
IM_01716,08/10/23 02:00:11  AM
IM_01717,08/10/23 03:00:11  AM
IM_01718,08/10/23 04:00:11  AM
IM_01719,08/10/23 05:00:11  AM
IM_01720,08/10/23 06:00:11  AM
IM_01721,08/10/23 07:00:11  AM
IM_01722,08/10/23 08:00:11  AM
IM_01723,08/10/23 09:00:11  AM
IM_01724,08/10/23 10:00:11  AM
IM_01725,08/10/23 11:00:11  AM
IM_01726,08/10/23 12:00:10  PM
IM_01727,08/10/23 01:00:10  PM
IM_01728,08/10/23 02:00:10  PM
IM_01729,08/10/23 03:00:10  PM
IM_01730,08/10/23 04:00:10  PM
IM_01731,08/10/23 05:00:10  PM
IM_01732,08/10/23 06:00:10  PM
IM_01733,08/10/23 07:00:11  PM
IM_01734,08/10/23 08:00:11  PM
IM_01735,08/10/23 09:00:11  PM
IM_01736,08/10/23 10:00:11  PM
IM_01737,08/10/23 11:00:11  PM
IM_01738,08/11/23 12:00:12  AM
IM_01739,08/11/23 01:00:11  AM
IM_01740,08/11/23 02:00:11  AM
IM_01741,08/11/23 03:00:11  AM
IM_01742,08/11/23 04:00:11  AM
IM_01743,08/11/23 05:00:11  AM
IM_01744,08/11/23 06:00:11  AM
IM_01745,08/11/23 07:00:11  AM
IM_01746,08/11/23 08:00:11  AM
IM_01747,08/11/23 09:00:11  AM
IM_01748,08/11/23 10:00:11  AM
IM_01749,08/11/23 11:00:11  AM
IM_01750,08/11/23 12:00:10  PM
IM_01751,08/11/23 01:00:10  PM
IM_01752,08/11/23 02:00:10  PM
IM_01753,08/11/23 03:00:10  PM
IM_01754,08/11/23 04:00:10  PM
IM_01755,08/11/23 05:00:10  PM
IM_01756,08/11/23 06:00:11  PM
IM_01757,08/11/23 07:00:11  PM
IM_01758,08/11/23 08:00:11  PM
IM_01759,08/11/23 09:00:11  PM
IM_01760,08/11/23 10:00:11  PM
IM_01761,08/11/23 11:00:11  PM
IM_01762,08/12/23 12:00:11  AM
IM_01763,08/12/23 01:00:11  AM
IM_01764,08/12/23 02:00:11  AM
IM_01765,08/12/23 03:00:11  AM
IM_01766,08/12/23 04:00:11  AM
IM_01767,08/12/23 05:00:12  AM
IM_01768,08/12/23 06:00:11  AM
IM_01769,08/12/23 07:00:11  AM
IM_01770,08/12/23 08:00:11  AM
IM_01771,08/12/23 09:00:11  AM
IM_01772,08/12/23 10:00:11  AM
IM_01773,08/12/23 11:00:11  AM
IM_01774,08/12/23 12:00:11  PM
IM_01775,08/12/23 01:00:10  PM
IM_01776,08/12/23 02:00:10  PM
IM_01777,08/12/23 03:00:10  PM
IM_01778,08/12/23 04:00:10  PM
IM_01779,08/12/23 05:00:11  PM
IM_01780,08/12/23 06:00:11  PM
IM_01781,08/12/23 07:00:11  PM
IM_01782,08/12/23 08:00:11  PM
IM_01783,08/12/23 09:00:11  PM
IM_01784,08/12/23 10:00:11  PM
IM_01785,08/12/23 11:00:11  PM
IM_01786,08/13/23 12:00:11  AM
IM_01787,08/13/23 01:00:11  AM
IM_01788,08/13/23 02:00:11  AM
IM_01789,08/13/23 03:00:11  AM
IM_01790,08/13/23 04:00:12  AM
IM_01791,08/13/23 05:00:12  AM
IM_01792,08/13/23 06:00:11  AM
IM_01793,08/13/23 07:00:11  AM
IM_01794,08/13/23 08:00:11  AM
IM_01795,08/13/23 09:00:11  AM
IM_01796,08/13/23 10:00:11  AM
IM_01797,08/13/23 11:00:11  AM
IM_01798,08/13/23 12:00:10  PM
IM_01799,08/13/23 01:00:10  PM
IM_01800,08/13/23 02:00:10  PM
IM_01801,08/13/23 03:00:10  PM
IM_01802,08/13/23 04:00:11  PM
IM_01803,08/13/23 05:00:11  PM
IM_01804,08/13/23 06:00:11  PM
IM_01805,08/13/23 07:00:11  PM
IM_01806,08/13/23 08:00:11  PM
IM_01807,08/13/23 09:00:11  PM
IM_01808,08/13/23 10:00:11  PM
IM_01809,08/13/23 11:00:11  PM
IM_01810,08/14/23 12:00:11  AM
IM_01811,08/14/23 01:00:11  AM
IM_01812,08/14/23 02:00:11  AM
IM_01813,08/14/23 03:00:12  AM
IM_01814,08/14/23 04:00:12  AM
IM_01815,08/14/23 05:00:12  AM
IM_01816,08/14/23 06:00:11  AM
IM_01817,08/14/23 07:00:11  AM
IM_01818,08/14/23 08:00:11  AM
IM_01819,08/14/23 09:00:10  AM
IM_01820,08/14/23 10:00:10  AM
IM_01821,08/14/23 11:00:10  AM
IM_01822,08/14/23 12:00:10  PM
IM_01823,08/14/23 01:00:10  PM
IM_01824,08/14/23 02:00:11  PM
IM_01825,08/14/23 03:00:11  PM
IM_01826,08/14/23 04:00:11  PM
IM_01827,08/14/23 05:00:11  PM
IM_01828,08/14/23 06:00:11  PM
IM_01829,08/14/23 07:00:11  PM
IM_01830,08/14/23 08:00:11  PM
IM_01831,08/14/23 09:00:10  PM
IM_01832,08/14/23 10:00:10  PM
IM_01833,08/14/23 11:00:10  PM
IM_01834,08/15/23 12:00:11  AM
IM_01835,08/15/23 01:00:12  AM
IM_01836,08/15/23 02:00:12  AM
IM_01837,08/15/23 03:00:12  AM
IM_01838,08/15/23 04:00:12  AM
IM_01839,08/15/23 05:00:12  AM
IM_01840,08/15/23 06:00:11  AM
IM_01841,08/15/23 07:00:11  AM
IM_01842,08/15/23 08:00:11  AM
IM_01843,08/15/23 09:00:10  AM
IM_01844,08/15/23 10:00:10  AM
IM_01845,08/15/23 11:00:10  AM
IM_01846,08/15/23 12:00:11  PM
IM_01847,08/15/23 01:00:11  PM
IM_01848,08/15/23 02:00:11  PM
IM_01849,08/15/23 03:00:11  PM
IM_01850,08/15/23 04:00:11  PM
IM_01851,08/15/23 05:00:11  PM
IM_01852,08/15/23 06:00:11  PM
IM_01853,08/15/23 07:00:11  PM
IM_01854,08/15/23 08:00:10  PM
IM_01855,08/15/23 09:00:10  PM
IM_01856,08/15/23 10:00:10  PM
IM_01857,08/15/23 11:00:10  PM
IM_01858,08/16/23 12:00:12  AM
IM_01859,08/16/23 01:00:12  AM
IM_01860,08/16/23 02:00:12  AM
IM_01861,08/16/23 03:00:12  AM
IM_01862,08/16/23 04:00:12  AM
IM_01863,08/16/23 05:00:12  AM
IM_01864,08/16/23 06:00:10  AM
IM_01865,08/16/23 07:00:10  AM
IM_01866,08/16/23 08:00:10  AM
IM_01867,08/16/23 09:00:10  AM
IM_01868,08/16/23 10:00:10  AM
IM_01869,08/16/23 11:00:11  AM
IM_01870,08/16/23 12:00:11  PM
IM_01871,08/16/23 01:00:11  PM
IM_01872,08/16/23 02:00:11  PM
IM_01873,08/16/23 03:00:11  PM
IM_01874,08/16/23 04:00:11  PM
IM_01875,08/16/23 05:00:11  PM
IM_01876,08/16/23 06:00:10  PM
IM_01877,08/16/23 07:00:11  PM
IM_01878,08/16/23 08:00:10  PM
IM_01879,08/16/23 09:00:10  PM
IM_01880,08/16/23 10:00:10  PM
IM_01881,08/16/23 11:00:11  PM
IM_01882,08/17/23 12:00:12  AM
IM_01883,08/17/23 01:00:12  AM
IM_01884,08/17/23 02:00:12  AM
IM_01885,08/17/23 03:00:12  AM
IM_01886,08/17/23 04:00:12  AM
IM_01887,08/17/23 05:00:11  AM
IM_01888,08/17/23 06:00:11  AM
IM_01889,08/17/23 07:00:10  AM
IM_01890,08/17/23 08:00:10  AM
IM_01891,08/17/23 09:00:10  AM
IM_01892,08/17/23 10:00:11  AM
IM_01893,08/17/23 11:00:11  AM
IM_01894,08/17/23 12:00:11  PM
IM_01895,08/17/23 01:00:11  PM
IM_01896,08/17/23 02:00:11  PM
IM_01897,08/17/23 03:00:11  PM
IM_01898,08/17/23 04:00:11  PM
IM_01899,08/17/23 05:00:11  PM
IM_01900,08/17/23 06:00:10  PM
IM_01901,08/17/23 07:00:10  PM
IM_01902,08/17/23 08:00:10  PM
IM_01903,08/17/23 09:00:11  PM
IM_01904,08/17/23 10:00:11  PM
IM_01905,08/17/23 11:00:11  PM
IM_01906,08/18/23 12:00:12  AM
IM_01907,08/18/23 01:00:12  AM
IM_01908,08/18/23 02:00:12  AM
IM_01909,08/18/23 03:00:11  AM
IM_01910,08/18/23 04:00:11  AM
IM_01911,08/18/23 05:00:11  AM
IM_01912,08/18/23 06:00:10  AM
IM_01913,08/18/23 07:00:10  AM
IM_01914,08/18/23 08:00:11  AM
IM_01915,08/18/23 09:00:11  AM
IM_01916,08/18/23 10:00:11  AM
IM_01917,08/18/23 11:00:11  AM
IM_01918,08/18/23 12:00:11  PM
IM_01919,08/18/23 01:00:10  PM
IM_01920,08/18/23 02:00:10  PM
IM_01921,08/18/23 03:00:10  PM
IM_01922,08/18/23 04:00:10  PM
IM_01923,08/18/23 05:00:10  PM
IM_01924,08/18/23 06:00:10  PM
IM_01925,08/18/23 07:00:10  PM
IM_01926,08/18/23 08:00:10  PM
IM_01927,08/18/23 09:00:11  PM
IM_01928,08/18/23 10:00:11  PM
IM_01929,08/18/23 11:00:11  PM
IM_01930,08/19/23 12:00:12  AM
IM_01931,08/19/23 01:00:12  AM
IM_01932,08/19/23 02:00:11  AM
IM_01933,08/19/23 03:00:11  AM
IM_01934,08/19/23 04:00:11  AM
IM_01935,08/19/23 05:00:11  AM
IM_01936,08/19/23 06:00:10  AM
IM_01937,08/19/23 07:00:11  AM
IM_01938,08/19/23 08:00:11  AM
IM_01939,08/19/23 09:00:11  AM
IM_01940,08/19/23 10:00:11  AM
IM_01941,08/19/23 11:00:11  AM
IM_01942,08/19/23 12:00:11  PM
IM_01943,08/19/23 01:00:10  PM
IM_01944,08/19/23 02:00:10  PM
IM_01945,08/19/23 03:00:10  PM
IM_01946,08/19/23 04:00:10  PM
IM_01947,08/19/23 05:00:10  PM
IM_01948,08/19/23 06:00:10  PM
IM_01949,08/19/23 07:00:10  PM
IM_01950,08/19/23 08:00:11  PM
IM_01951,08/19/23 09:00:11  PM
IM_01952,08/19/23 10:00:11  PM
IM_01953,08/19/23 11:00:12  PM
IM_01954,08/20/23 12:00:12  AM
IM_01955,08/20/23 01:00:11  AM
IM_01956,08/20/23 02:00:11  AM
IM_01957,08/20/23 03:00:11  AM
IM_01958,08/20/23 04:00:11  AM
IM_01959,08/20/23 05:00:11  AM
IM_01960,08/20/23 06:00:10  AM
IM_01961,08/20/23 07:00:11  AM
IM_01962,08/20/23 08:00:11  AM
IM_01963,08/20/23 09:00:11  AM
IM_01964,08/20/23 10:00:11  AM
IM_01965,08/20/23 11:00:11  AM
IM_01966,08/20/23 12:00:10  PM
IM_01967,08/20/23 01:00:10  PM
IM_01968,08/20/23 02:00:10  PM
IM_01969,08/20/23 03:00:10  PM
IM_01970,08/20/23 04:00:10  PM
IM_01971,08/20/23 05:00:10  PM
IM_01972,08/20/23 06:00:10  PM
IM_01973,08/20/23 07:00:11  PM
IM_01974,08/20/23 08:00:11  PM
IM_01975,08/20/23 09:00:11  PM
IM_01976,08/20/23 10:00:11  PM
IM_01977,08/20/23 11:00:11  PM
IM_01978,08/21/23 12:00:12  AM
IM_01979,08/21/23 01:00:11  AM
IM_01980,08/21/23 02:00:11  AM
IM_01981,08/21/23 03:00:11  AM
IM_01982,08/21/23 04:00:11  AM
IM_01983,08/21/23 05:00:11  AM
IM_01984,08/21/23 06:00:11  AM
IM_01985,08/21/23 07:00:11  AM
IM_01986,08/21/23 08:00:11  AM
IM_01987,08/21/23 09:00:11  AM
IM_01988,08/21/23 10:00:11  AM
IM_01989,08/21/23 11:00:11  AM
IM_01990,08/21/23 12:00:10  PM
IM_01991,08/21/23 01:00:10  PM
IM_01992,08/21/23 02:00:10  PM
IM_01993,08/21/23 03:00:10  PM
IM_01994,08/21/23 04:00:10  PM
IM_01995,08/21/23 05:00:10  PM
IM_01996,08/21/23 06:00:11  PM
IM_01997,08/21/23 07:00:11  PM
IM_01998,08/21/23 08:00:11  PM
IM_01999,08/21/23 09:00:11  PM
IM_02000,08/21/23 10:00:11  PM
IM_02001,08/21/23 11:00:11  PM
IM_02002,08/22/23 12:00:11  AM
IM_02003,08/22/23 01:00:11  AM
IM_02004,08/22/23 02:00:11  AM
IM_02005,08/22/23 03:00:11  AM
IM_02006,08/22/23 04:00:11  AM
IM_02007,08/22/23 05:00:11  AM
IM_02008,08/22/23 06:00:11  AM
IM_02009,08/22/23 07:00:11  AM
IM_02010,08/22/23 08:00:11  AM
IM_02011,08/22/23 09:00:11  AM
IM_02012,08/22/23 10:00:11  AM
IM_02013,08/22/23 11:00:10  AM
IM_02014,08/22/23 12:00:10  PM
IM_02015,08/22/23 01:00:10  PM
IM_02016,08/22/23 02:00:10  PM
IM_02017,08/22/23 03:00:10  PM
IM_02018,08/22/23 04:00:10  PM
IM_02019,08/22/23 05:00:11  PM
IM_02020,08/22/23 06:00:11  PM
IM_02021,08/22/23 07:00:11  PM
IM_02022,08/22/23 08:00:11  PM
IM_02023,08/22/23 09:00:11  PM
IM_02024,08/22/23 10:00:11  PM
IM_02025,08/22/23 11:00:11  PM
IM_02026,08/23/23 12:00:11  AM
IM_02027,08/23/23 01:00:11  AM
IM_02028,08/23/23 02:00:11  AM
IM_02029,08/23/23 03:00:11  AM
IM_02030,08/23/23 04:00:11  AM
IM_02031,08/23/23 05:00:12  AM
IM_02032,08/23/23 06:00:11  AM
IM_02033,08/23/23 07:00:11  AM
IM_02034,08/23/23 08:00:11  AM
IM_02035,08/23/23 09:00:11  AM
IM_02036,08/23/23 10:00:11  AM
IM_02037,08/23/23 11:00:10  AM
IM_02038,08/23/23 12:00:10  PM
IM_02039,08/23/23 01:00:10  PM
IM_02040,08/23/23 02:00:10  PM
IM_02041,08/23/23 03:00:10  PM
IM_02042,08/23/23 04:00:10  PM
IM_02043,08/23/23 05:00:11  PM
IM_02044,08/23/23 06:00:11  PM
IM_02045,08/23/23 07:00:11  PM
IM_02046,08/23/23 08:00:11  PM
IM_02047,08/23/23 09:00:11  PM
IM_02048,08/23/23 10:00:11  PM
IM_02049,08/23/23 11:00:11  PM
IM_02050,08/24/23 12:00:11  AM
IM_02051,08/24/23 01:00:11  AM
IM_02052,08/24/23 02:00:11  AM
IM_02053,08/24/23 03:00:11  AM
IM_02054,08/24/23 04:00:11  AM
IM_02055,08/24/23 05:00:12  AM
IM_02056,08/24/23 06:00:11  AM
IM_02057,08/24/23 07:00:11  AM
IM_02058,08/24/23 08:00:11  AM
IM_02059,08/24/23 09:00:11  AM
IM_02060,08/24/23 10:00:11  AM
IM_02061,08/24/23 11:00:11  AM
IM_02062,08/24/23 12:00:10  PM
IM_02063,08/24/23 01:00:10  PM
IM_02064,08/24/23 02:00:10  PM
IM_02065,08/24/23 03:00:10  PM
IM_02066,08/24/23 04:00:10  PM
IM_02067,08/24/23 05:00:11  PM
IM_02068,08/24/23 06:00:11  PM
IM_02069,08/24/23 07:00:11  PM
IM_02070,08/24/23 08:00:11  PM
IM_02071,08/24/23 09:00:11  PM
IM_02072,08/24/23 10:00:11  PM
IM_02073,08/24/23 11:00:11  PM
IM_02074,08/25/23 12:00:11  AM
IM_02075,08/25/23 01:00:11  AM
IM_02076,08/25/23 02:00:11  AM
IM_02077,08/25/23 03:00:11  AM
IM_02078,08/25/23 04:00:12  AM
IM_02079,08/25/23 05:00:12  AM
IM_02080,08/25/23 06:00:12  AM
IM_02081,08/25/23 07:00:11  AM
IM_02082,08/25/23 08:00:11  AM
IM_02083,08/25/23 09:00:11  AM
IM_02084,08/25/23 10:00:11  AM
IM_02085,08/25/23 11:00:11  AM
IM_02086,08/25/23 12:00:10  PM
IM_02087,08/25/23 01:00:10  PM
IM_02088,08/25/23 02:00:10  PM
IM_02089,08/25/23 03:00:11  PM
IM_02090,08/25/23 04:00:11  PM
IM_02091,08/25/23 05:00:11  PM
IM_02092,08/25/23 06:00:11  PM
IM_02093,08/25/23 07:00:11  PM
IM_02094,08/25/23 08:00:11  PM
IM_02095,08/25/23 09:00:11  PM
IM_02096,08/25/23 10:00:11  PM
IM_02097,08/25/23 11:00:11  PM
IM_02098,08/26/23 12:00:11  AM
IM_02099,08/26/23 01:00:11  AM
IM_02100,08/26/23 02:00:11  AM
IM_02101,08/26/23 03:00:12  AM
IM_02102,08/26/23 04:00:12  AM
IM_02103,08/26/23 05:00:12  AM
IM_02104,08/26/23 06:00:12  AM
IM_02105,08/26/23 07:00:11  AM
IM_02106,08/26/23 08:00:11  AM
IM_02107,08/26/23 09:00:11  AM
IM_02108,08/26/23 10:00:11  AM
IM_02109,08/26/23 11:00:10  AM
IM_02110,08/26/23 12:00:10  PM
IM_02111,08/26/23 01:00:10  PM
IM_02112,08/26/23 02:00:10  PM
IM_02113,08/26/23 03:00:11  PM
IM_02114,08/26/23 04:00:11  PM
IM_02115,08/26/23 05:00:11  PM
IM_02116,08/26/23 06:00:11  PM
IM_02117,08/26/23 07:00:11  PM
IM_02118,08/26/23 08:00:11  PM
IM_02119,08/26/23 09:00:11  PM
IM_02120,08/26/23 10:00:10  PM
IM_02121,08/26/23 11:00:11  PM
IM_02122,08/27/23 12:00:11  AM
IM_02123,08/27/23 01:00:11  AM
IM_02124,08/27/23 02:00:11  AM
IM_02125,08/27/23 03:00:12  AM
IM_02126,08/27/23 04:00:12  AM
IM_02127,08/27/23 05:00:12  AM
IM_02128,08/27/23 06:00:12  AM
IM_02129,08/27/23 07:00:11  AM
IM_02130,08/27/23 08:00:11  AM
IM_02131,08/27/23 09:00:11  AM
IM_02132,08/27/23 10:00:11  AM
IM_02133,08/27/23 11:00:10  AM
IM_02134,08/27/23 12:00:10  PM
IM_02135,08/27/23 01:00:10  PM
IM_02136,08/27/23 02:00:10  PM
IM_02137,08/27/23 03:00:11  PM
IM_02138,08/27/23 04:00:11  PM
IM_02139,08/27/23 05:00:11  PM
IM_02140,08/27/23 06:00:11  PM
IM_02141,08/27/23 07:00:11  PM
IM_02142,08/27/23 08:00:11  PM
IM_02143,08/27/23 09:00:11  PM
IM_02144,08/27/23 10:00:11  PM
IM_02145,08/27/23 11:00:11  PM
IM_02146,08/28/23 12:00:11  AM
IM_02147,08/28/23 01:00:11  AM
IM_02148,08/28/23 02:00:11  AM
IM_02149,08/28/23 03:00:11  AM
IM_02150,08/28/23 04:00:12  AM
IM_02151,08/28/23 05:00:12  AM
IM_02152,08/28/23 06:00:12  AM
IM_02153,08/28/23 07:00:11  AM
IM_02154,08/28/23 08:00:11  AM
IM_02155,08/28/23 09:00:11  AM
IM_02156,08/28/23 10:00:10  AM
IM_02157,08/28/23 11:00:10  AM
IM_02158,08/28/23 12:00:10  PM
IM_02159,08/28/23 01:00:10  PM
IM_02160,08/28/23 02:00:10  PM
IM_02161,08/28/23 03:00:10  PM
IM_02162,08/28/23 04:00:11  PM
IM_02163,08/28/23 05:00:11  PM
IM_02164,08/28/23 06:00:11  PM
IM_02165,08/28/23 07:00:11  PM
IM_02166,08/28/23 08:00:11  PM
IM_02167,08/28/23 09:00:11  PM
IM_02168,08/28/23 10:00:11  PM
IM_02169,08/28/23 11:00:11  PM
IM_02170,08/29/23 12:00:11  AM
IM_02171,08/29/23 01:00:11  AM
IM_02172,08/29/23 02:00:11  AM
IM_02173,08/29/23 03:00:11  AM
IM_02174,08/29/23 04:00:12  AM
IM_02175,08/29/23 05:00:12  AM
IM_02176,08/29/23 06:00:12  AM
IM_02177,08/29/23 07:00:11  AM
IM_02178,08/29/23 08:00:11  AM
IM_02179,08/29/23 09:00:11  AM
IM_02180,08/29/23 10:00:10  AM
IM_02181,08/29/23 11:00:10  AM
IM_02182,08/29/23 12:00:10  PM
IM_02183,08/29/23 01:00:10  PM
IM_02184,08/29/23 02:00:10  PM
IM_02185,08/29/23 03:00:10  PM
IM_02186,08/29/23 04:00:11  PM
