"Date Time, GMT-07:00",Lake+Air pressure (kpa),Lake Temp (°C),Air pressure (kpa),Air Temp (°C),Lake pressure (kpa),Lake depth (m)
2023-05-30 10:00:00,91.157,21.187,91.467,23.773,-0.3100000000000023,-0.03163265306122472
2023-05-30 10:30:00,91.117,19.282,91.944,21.091,-0.8269999999999982,-0.08438775510204063
2023-05-30 11:00:00,91.163,14.23,92.449,17.379,-1.2860000000000014,-0.1312244897959185
2023-05-30 11:30:00,91.061,12.11,92.857,14.804,-1.7959999999999923,-0.18326530612244818
2023-05-30 12:00:00,91.002,12.11,92.856,13.846,-1.8539999999999992,-0.18918367346938766
2023-05-30 12:30:00,90.994,13.173,91.804,15.187,-0.8100000000000023,-0.08265306122449002
2023-05-30 13:00:00,90.993,13.269,92.113,14.517,-1.1200000000000045,-0.11428571428571475
2023-05-30 13:30:00,90.995,13.076,92.549,13.654,-1.554000000000002,-0.15857142857142878
2023-05-30 14:00:00,90.973,15.664,92.415,13.654,-1.4420000000000073,-0.14714285714285788
2023-05-30 14:30:00,90.947,18.521,91.71,14.421,-0.762999999999991,-0.07785714285714194
2023-05-30 15:00:00,90.903,16.903,91.058,15.76,-0.15500000000000114,-0.01581632653061236
2023-05-30 15:30:00,90.913,15.76,91.221,15.664,-0.30800000000000693,-0.03142857142857214
2023-05-30 16:00:00,90.918,15.187,91.344,15.378,-0.4259999999999877,-0.043469387755100786
2023-05-30 16:30:00,90.975,15.473,91.214,15.473,-0.23900000000000432,-0.024387755102041258
2023-05-30 17:00:00,90.97,16.046,90.961,15.855,0.009000000000000341,0.0009183673469388103
2023-05-30 17:30:00,90.908,16.332,90.871,16.141,0.03700000000000614,0.003775510204082259
2023-05-30 18:00:00,90.906,16.618,90.781,16.427,0.125,0.012755102040816327
2023-05-30 18:30:00,90.9,17.189,90.661,16.808,0.23900000000000432,0.024387755102041258
2023-05-30 19:00:00,90.894,17.855,90.585,17.475,0.3090000000000117,0.031530612244899156
2023-05-30 19:30:00,90.946,18.616,90.441,18.14,0.5049999999999955,0.051530612244897495
2023-05-30 20:00:00,90.877,19.567,90.404,18.996,0.472999999999999,0.04826530612244888
2023-05-30 20:30:00,90.869,20.329,90.397,19.758,0.4719999999999942,0.04816326530612186
2023-05-30 21:00:00,90.923,20.901,90.386,20.424,0.5370000000000061,0.05479591836734757
2023-05-30 21:30:00,90.92,21.187,90.432,20.805,0.48799999999999955,0.04979591836734689
2023-05-30 22:00:00,90.98,21.091,90.472,20.996,0.5080000000000098,0.05183673469387855
2023-05-30 22:30:00,91.043,20.71,90.599,20.805,0.4440000000000026,0.04530612244897986
2023-05-30 23:00:00,90.992,19.948,90.85,20.329,0.14200000000001012,0.01448979591836838
2023-05-30 23:30:00,91.062,18.901,91.028,19.662,0.033999999999991815,0.0034693877551012055
2023-05-31 00:00:00,91.133,17.665,91.328,18.711,-0.1950000000000074,-0.019897959183674225
2023-05-31 00:30:00,91.144,16.523,91.626,17.665,-0.4819999999999993,-0.049183673469387686
2023-05-31 01:00:00,91.095,15.282,91.989,16.618,-0.8940000000000055,-0.09122448979591892
2023-05-31 01:30:00,91.165,14.038,92.381,15.473,-1.215999999999994,-0.12408163265306062
2023-05-31 02:00:00,91.233,12.883,92.773,14.325,-1.539999999999992,-0.15714285714285633
2023-05-31 02:30:00,91.123,11.722,93.197,13.173,-2.073999999999998,-0.2116326530612243
2023-05-31 03:00:00,91.132,10.553,93.458,12.11,-2.3259999999999934,-0.23734693877550955
2023-05-31 03:30:00,91.198,9.472,93.78,10.944,-2.582000000000008,-0.2634693877551028
2023-05-31 04:00:00,91.204,8.481,94.01,9.965,-2.8060000000000116,-0.2863265306122461
2023-05-31 04:30:00,91.21,7.582,94.238,8.978,-3.028000000000006,-0.3089795918367353
2023-05-31 05:00:00,91.156,6.573,94.432,7.983,-3.2759999999999962,-0.3342857142857139
2023-05-31 05:30:00,91.101,5.757,94.663,7.079,-3.5619999999999976,-0.3634693877551018
2023-05-31 06:00:00,91.224,4.934,94.827,6.166,-3.6029999999999944,-0.36765306122448926
2023-05-31 06:30:00,91.168,4.207,95.027,5.347,-3.8589999999999947,-0.3937755102040811
2023-05-31 07:00:00,91.171,3.578,95.168,4.727,-3.997,-0.40785714285714286
2023-05-31 07:30:00,91.113,3.155,95.276,4.102,-4.162999999999997,-0.4247959183673466
2023-05-31 08:00:00,91.173,3.049,95.263,3.788,-4.090000000000003,-0.4173469387755106
2023-05-31 08:30:00,91.231,3.367,95.097,3.788,-3.8659999999999997,-0.3944897959183673
2023-05-31 09:00:00,89.275,4.207,93.285,4.207,-4.009999999999991,-0.40918367346938683
2023-05-31 09:30:00,84.191,3.472,88.915,3.893,-4.724000000000004,-0.482040816326531
2023-05-31 10:00:00,84.253,2.943,89.102,3.578,-4.849000000000004,-0.4947959183673473
2023-05-31 10:30:00,84.252,3.049,88.744,3.788,-4.492000000000004,-0.45836734693877595
2023-05-31 11:00:00,84.192,3.155,88.245,3.788,-4.0530000000000115,-0.41357142857142976
2023-05-31 11:30:00,84.251,3.367,87.829,4.207,-3.5779999999999887,-0.36510204081632536
2023-05-31 12:00:00,84.249,3.683,87.571,4.415,-3.3220000000000027,-0.338979591836735
2023-05-31 12:30:00,88.131,7.682,88.092,9.373,0.03900000000000148,0.003979591836734845
2023-05-31 13:00:00,88.978,13.365,90.216,10.944,-1.2379999999999995,-0.12632653061224486
2023-05-31 13:30:00,89.229,18.331,90.372,8.879,-1.1430000000000007,-0.11663265306122456
2023-05-31 14:00:00,141.882,3.155,90.457,8.481,51.42500000000001,5.247448979591838
2023-05-31 14:30:00,140.397,1.221,89.802,8.779,50.594999999999985,5.162755102040815
2023-05-31 15:00:00,140.574,1.221,90.364,8.68,50.21000000000001,5.123469387755103
2023-05-31 15:30:00,140.929,1.221,90.298,8.68,50.631,5.166428571428572
2023-05-31 16:00:00,141.106,1.221,89.684,9.176,51.422,5.247142857142857
2023-05-31 16:30:00,141.401,1.221,90.072,8.879,51.32900000000001,5.23765306122449
2023-05-31 17:00:00,141.696,1.221,89.432,9.571,52.263999999999996,5.3330612244897955
2023-05-31 17:30:00,141.991,1.221,89.787,9.275,52.20400000000001,5.326938775510205
2023-05-31 18:00:00,142.286,1.221,89.532,9.571,52.754000000000005,5.383061224489797
2023-05-31 18:30:00,142.523,1.221,90.276,8.978,52.247,5.331326530612245
2023-05-31 19:00:00,142.818,1.221,90.139,8.879,52.679000000000016,5.375408163265307
2023-05-31 19:30:00,142.994,1.112,91.174,8.082,51.81999999999999,5.287755102040816
2023-05-31 20:00:00,143.289,1.112,91.143,7.28,52.14599999999999,5.321020408163264
2023-05-31 20:30:00,143.526,1.112,91.403,6.268,52.123000000000005,5.318673469387756
2023-05-31 21:00:00,143.703,1.112,92.115,5.757,51.58800000000001,5.264081632653062
2023-05-31 21:30:00,143.88,1.112,92.232,5.347,51.647999999999996,5.270204081632652
2023-05-31 22:00:00,144.056,1.003,91.688,5.037,52.36800000000001,5.343673469387756
2023-05-31 22:30:00,144.175,1.112,91.85,4.934,52.32500000000002,5.339285714285716
2023-05-31 23:00:00,144.352,1.112,92.952,3.367,51.400000000000006,5.244897959183675
2023-05-31 23:30:00,144.529,1.112,92.993,2.73,51.536,5.258775510204082
2023-06-01 00:00:00,144.706,1.112,93.055,2.624,51.65099999999998,5.270510204081631
2023-06-01 00:30:00,144.824,1.112,93.208,2.303,51.616000000000014,5.266938775510206
2023-06-01 01:00:00,144.883,1.112,93.128,1.98,51.75500000000001,5.281122448979593
2023-06-01 01:30:00,145.001,1.112,93.057,1.872,51.944,5.300408163265306
2023-06-01 02:00:00,145.12,1.221,93.148,1.656,51.97200000000001,5.30326530612245
2023-06-01 02:30:00,145.238,1.112,93.239,1.439,51.998999999999995,5.306020408163264
2023-06-01 03:00:00,145.297,1.221,93.412,0.784,51.88499999999999,5.29438775510204
2023-06-01 03:30:00,145.356,1.221,93.274,0.674,52.081999999999994,5.314489795918367
2023-06-01 04:00:00,145.533,1.221,93.522,0.232,52.01099999999998,5.3072448979591815
2023-06-01 04:30:00,145.592,1.221,93.161,0.343,52.43100000000001,5.350102040816328
2023-06-01 05:00:00,145.651,1.221,93.465,-0.325,52.18600000000001,5.325102040816327
2023-06-01 05:30:00,145.829,1.221,93.257,-0.549,52.572,5.3644897959183675
2023-06-01 06:00:00,145.769,1.112,92.772,-0.213,52.997,5.407857142857143
2023-06-01 06:30:00,145.887,1.112,92.739,-0.213,53.147999999999996,5.423265306122448
2023-06-01 07:00:00,146.005,1.112,92.106,0.563,53.899,5.499897959183674
2023-06-01 07:30:00,146.123,1.112,91.116,1.548,55.00699999999999,5.6129591836734685
2023-06-01 08:00:00,146.123,1.112,89.892,4.207,56.230999999999995,5.737857142857142
2023-06-01 08:30:00,146.123,1.112,89.924,5.037,56.198999999999984,5.734591836734692
2023-06-01 09:00:00,146.241,1.112,90.994,3.472,55.247000000000014,5.637448979591838
2023-06-01 09:30:00,146.3,1.112,89.44,6.268,56.860000000000014,5.8020408163265325
2023-06-01 10:00:00,146.3,1.112,89.435,7.882,56.86500000000001,5.802551020408164
2023-06-01 10:30:00,146.418,1.112,89.657,8.481,56.76100000000001,5.7919387755102045
2023-06-01 11:00:00,146.478,1.221,89.993,7.682,56.485000000000014,5.763775510204083
2023-06-01 11:30:00,146.655,1.221,89.617,8.282,57.038,5.820204081632653
2023-06-01 12:00:00,146.833,1.33,89.48,8.182,57.352999999999994,5.85234693877551
2023-06-01 12:30:00,146.892,1.33,89.125,9.373,57.766999999999996,5.894591836734693
2023-06-01 13:00:00,147.128,1.33,89.173,9.768,57.954999999999984,5.91377551020408
2023-06-01 13:30:00,147.364,1.33,89.432,8.68,57.932,5.911428571428571
2023-06-01 14:00:00,147.6,1.33,89.254,9.275,58.34599999999999,5.953673469387755
2023-06-01 14:30:00,147.777,1.33,89.38,9.077,58.39699999999999,5.958877551020407
2023-06-01 15:00:00,148.072,1.33,89.099,9.571,58.973,6.01765306122449
2023-06-01 15:30:00,148.368,1.33,89.103,9.669,59.265,6.047448979591837
2023-06-01 16:00:00,148.722,1.439,89.002,10.553,59.72000000000001,6.09387755102041
2023-06-01 16:30:00,149.018,1.439,89.038,11.528,59.980000000000004,6.1204081632653065
2023-06-01 17:00:00,149.312,1.33,89.042,11.625,60.27000000000001,6.15
2023-06-01 17:30:00,149.608,1.439,89.022,12.013,60.586,6.182244897959183
2023-06-01 18:00:00,149.961,1.33,89.014,12.69,60.94700000000002,6.2190816326530625
2023-06-01 18:30:00,150.197,1.33,89.215,13.654,60.982,6.22265306122449
2023-06-01 19:00:00,150.493,1.439,89.138,13.365,61.35499999999999,6.260714285714285
2023-06-01 19:30:00,150.788,1.439,89.28,12.69,61.50800000000001,6.276326530612246
2023-06-01 20:00:00,151.083,1.439,89.021,12.883,62.062,6.332857142857143
2023-06-01 20:30:00,151.32,1.439,89.322,12.013,61.99799999999999,6.326326530612244
2023-06-01 21:00:00,151.615,1.548,90.435,8.779,61.18000000000001,6.242857142857144
2023-06-01 21:30:00,151.851,1.439,90.847,7.381,61.004000000000005,6.224897959183674
2023-06-01 22:00:00,152.028,1.439,90.961,6.877,61.06699999999999,6.231326530612244
2023-06-01 22:30:00,152.264,1.439,91.284,5.757,60.980000000000004,6.222448979591838
2023-06-01 23:00:00,152.382,1.439,91.293,5.141,61.089,6.2335714285714285
2023-06-01 23:30:00,152.677,1.439,91.713,4.831,60.964,6.2208163265306125
2023-06-02 00:00:00,152.854,1.439,91.11,4.727,61.744000000000014,6.300408163265308
2023-06-02 00:30:00,153.031,1.33,92.013,3.998,61.018,6.226326530612245
2023-06-02 01:00:00,153.149,1.33,92.345,3.155,60.804,6.204489795918367
2023-06-02 01:30:00,153.326,1.33,92.614,2.41,60.71199999999999,6.195102040816325
2023-06-02 02:00:00,153.385,1.33,91.775,3.049,61.609999999999985,6.286734693877549
2023-06-02 02:30:00,153.503,1.33,91.874,2.195,61.62899999999999,6.288673469387755
2023-06-02 03:00:00,153.621,1.33,92.011,2.303,61.610000000000014,6.286734693877553
2023-06-02 03:30:00,153.74,1.439,92.393,1.872,61.34700000000001,6.259897959183674
2023-06-02 04:00:00,153.799,1.439,92.96,1.112,60.83900000000001,6.208061224489797
2023-06-02 04:30:00,154.035,1.439,92.727,1.112,61.30799999999999,6.255918367346938
2023-06-02 05:00:00,154.153,1.439,92.813,0.784,61.33999999999999,6.259183673469387
2023-06-02 05:30:00,154.211,1.33,91.652,1.656,62.55900000000001,6.38357142857143
2023-06-02 06:00:00,154.27,1.33,92.009,1.439,62.26100000000001,6.353163265306123
2023-06-02 06:30:00,154.388,1.33,92.461,1.112,61.92700000000001,6.319081632653062
2023-06-02 07:00:00,154.388,1.33,91.856,1.764,62.53200000000001,6.380816326530613
2023-06-02 07:30:00,154.505,1.221,90.889,2.517,63.616,6.491428571428571
2023-06-02 08:00:00,154.506,1.33,89.268,7.882,65.238,6.656938775510204
2023-06-02 08:30:00,154.624,1.33,89.11,8.978,65.514,6.685102040816326
2023-06-02 09:00:00,154.683,1.33,89.236,8.779,65.44699999999999,6.678265306122447
2023-06-02 09:30:00,154.801,1.33,89.058,10.259,65.74299999999998,6.708469387755101
2023-06-02 10:00:00,154.86,1.33,89.635,8.779,65.22500000000001,6.65561224489796
2023-06-02 10:30:00,155.037,1.33,89.113,10.846,65.924,6.726938775510204
2023-06-02 11:00:00,155.096,1.33,88.891,12.98,66.205,6.755612244897959
2023-06-02 11:30:00,155.274,1.439,89.005,13.365,66.269,6.762142857142857
2023-06-02 12:00:00,155.451,1.439,89.051,12.787,66.39999999999999,6.775510204081631
2023-06-02 12:30:00,155.628,1.439,89.107,12.497,66.52099999999999,6.787857142857141
2023-06-02 13:00:00,155.688,1.548,89.247,12.69,66.44099999999999,6.7796938775510185
2023-06-02 13:30:00,155.923,1.439,89.609,10.748,66.31400000000001,6.766734693877551
2023-06-02 14:00:00,156.159,1.439,89.086,11.916,67.073,6.844183673469388
2023-06-02 14:30:00,156.395,1.439,89.145,11.722,67.25000000000001,6.862244897959185
2023-06-02 15:00:00,156.631,1.33,89.063,12.207,67.568,6.8946938775510205
2023-06-02 15:30:00,156.927,1.439,89.014,12.69,67.913,6.929897959183673
2023-06-02 16:00:00,157.222,1.439,88.928,13.076,68.29400000000001,6.968775510204083
2023-06-02 16:30:00,157.576,1.439,89.008,13.461,68.568,6.996734693877551
2023-06-02 17:00:00,157.93,1.439,88.829,14.038,69.10100000000001,7.051122448979593
2023-06-02 17:30:00,158.284,1.439,89.187,12.883,69.097,7.050714285714286
2023-06-02 18:00:00,158.52,1.439,89.149,13.654,69.37100000000001,7.078673469387756
2023-06-02 18:30:00,158.874,1.439,88.915,13.654,69.95899999999999,7.138673469387753
2023-06-02 19:00:00,159.228,1.439,89.263,12.207,69.965,7.139285714285714
2023-06-02 19:30:00,159.463,1.33,89.214,12.69,70.249,7.168265306122449
2023-06-02 20:00:00,159.699,1.33,89.154,12.883,70.54500000000002,7.198469387755104
2023-06-02 20:30:00,160.054,1.439,89.464,11.334,70.59,7.203061224489796
2023-06-02 21:00:00,160.348,1.33,90.597,8.68,69.75100000000002,7.117448979591838
2023-06-02 21:30:00,160.525,1.33,90.452,7.481,70.07300000000001,7.150306122448981
2023-06-02 22:00:00,160.82,1.33,90.097,7.782,70.723,7.216632653061224
2023-06-02 22:30:00,160.938,1.33,90.677,7.28,70.26099999999998,7.169489795918365
2023-06-02 23:00:00,161.174,1.33,90.802,7.079,70.372,7.180816326530612
2023-06-02 23:30:00,161.292,1.33,90.156,7.582,71.136,7.258775510204082
2023-06-03 00:00:00,161.411,1.33,90.44,7.179,70.971,7.241938775510204
2023-06-03 00:30:00,161.588,1.33,90.961,6.877,70.627,7.206836734693877
2023-06-03 01:00:00,161.765,1.33,91.221,5.86,70.54399999999998,7.198367346938774
2023-06-03 01:30:00,161.942,1.33,91.213,5.655,70.72900000000001,7.217244897959185
2023-06-03 02:00:00,162.0,1.221,91.879,4.831,70.121,7.155204081632653
2023-06-03 02:30:00,162.177,1.221,91.226,5.141,70.951,7.239897959183674
2023-06-03 03:00:00,162.295,1.221,91.992,4.311,70.30299999999998,7.17377551020408
2023-06-03 03:30:00,162.413,1.221,92.602,2.943,69.811,7.123571428571428
2023-06-03 04:00:00,162.472,1.221,91.592,3.472,70.88000000000001,7.232653061224491
2023-06-03 04:30:00,162.708,1.221,92.494,2.73,70.214,7.16469387755102
2023-06-03 05:00:00,162.649,1.221,92.933,2.088,69.716,7.113877551020408
2023-06-03 05:30:00,162.885,1.221,92.554,1.764,70.33099999999999,7.176632653061223
2023-06-03 06:00:00,162.886,1.33,91.853,2.517,71.033,7.248265306122449
2023-06-03 06:30:00,163.004,1.33,91.72,2.517,71.28399999999999,7.273877551020407
2023-06-03 07:00:00,163.004,1.33,92.268,2.088,70.73599999999999,7.217959183673468
2023-06-03 07:30:00,163.063,1.33,91.787,2.517,71.27599999999998,7.273061224489794
2023-06-03 08:00:00,163.122,1.33,90.655,5.86,72.46700000000001,7.394591836734695
2023-06-03 08:30:00,163.181,1.33,89.811,7.28,73.37,7.486734693877551
2023-06-03 09:00:00,163.122,1.33,90.211,7.28,72.91100000000002,7.439897959183675
2023-06-03 09:30:00,163.358,1.33,89.879,8.182,73.479,7.497857142857143
2023-06-03 10:00:00,163.83,1.33,90.238,7.983,73.59200000000001,7.5093877551020425
2023-06-03 10:30:00,164.184,1.33,89.758,9.373,74.426,7.594489795918367
2023-06-03 11:00:00,164.479,1.33,89.935,9.669,74.54400000000001,7.6065306122448995
2023-06-03 11:30:00,164.833,1.33,89.631,10.455,75.202,7.673673469387755
2023-06-03 12:00:00,165.07,1.439,89.524,11.139,75.54599999999999,7.70877551020408
2023-06-03 12:30:00,165.365,1.439,89.671,11.528,75.694,7.723877551020408
2023-06-03 13:00:00,165.66,1.439,89.522,12.013,76.13799999999999,7.769183673469386
2023-06-03 13:30:00,165.955,1.439,89.4,12.304,76.555,7.811734693877551
2023-06-03 14:00:00,166.309,1.439,89.407,12.497,76.902,7.847142857142857
2023-06-03 14:30:00,166.604,1.439,89.749,11.819,76.85500000000002,7.842346938775512
2023-06-03 15:00:00,166.899,1.439,89.447,12.69,77.452,7.903265306122449
2023-06-03 15:30:00,167.194,1.439,89.51,12.594,77.68399999999998,7.9269387755102025
2023-06-03 16:00:00,167.548,1.439,89.315,13.654,78.233,7.9829591836734695
2023-06-03 16:30:00,167.843,1.439,89.187,15.664,78.65599999999999,8.02612244897959
2023-06-03 17:00:00,168.08,1.548,89.507,15.282,78.57300000000001,8.017653061224491
2023-06-03 17:30:00,168.433,1.439,89.287,15.664,79.14599999999999,8.076122448979591
2023-06-03 18:00:00,168.787,1.439,89.333,15.091,79.45400000000001,8.107551020408165
2023-06-03 18:30:00,169.023,1.439,89.454,15.664,79.569,8.119285714285715
2023-06-03 19:00:00,169.436,1.439,89.23,15.951,80.206,8.184285714285714
2023-06-03 19:30:00,169.671,1.439,89.49,15.76,80.181,8.181734693877551
2023-06-03 20:00:00,170.025,1.439,89.863,14.038,80.162,8.179795918367347
2023-06-03 20:30:00,170.261,1.439,89.753,14.709,80.508,8.215102040816326
2023-06-03 21:00:00,170.615,1.439,90.278,11.722,80.337,8.19765306122449
2023-06-03 21:30:00,170.851,1.439,90.524,10.259,80.327,8.196632653061224
2023-06-03 22:00:00,171.087,1.439,90.453,10.161,80.63399999999999,8.227959183673468
2023-06-03 22:30:00,171.382,1.439,90.809,9.866,80.57300000000001,8.221734693877552
2023-06-03 23:00:00,171.559,1.439,90.879,9.077,80.67999999999999,8.232653061224488
2023-06-03 23:30:00,171.736,1.439,91.063,8.68,80.67299999999999,8.231938775510203
2023-06-04 00:00:00,171.913,1.439,90.882,8.282,81.031,8.268469387755102
2023-06-04 00:30:00,172.149,1.439,91.405,7.179,80.744,8.239183673469388
2023-06-04 01:00:00,172.266,1.33,91.462,6.064,80.80399999999999,8.245306122448978
2023-06-04 01:30:00,172.384,1.33,91.141,6.37,81.24299999999998,8.290102040816326
2023-06-04 02:00:00,172.502,1.33,91.642,5.552,80.86000000000001,8.251020408163267
2023-06-04 02:30:00,172.679,1.33,91.467,5.347,81.212,8.286938775510205
2023-06-04 03:00:00,172.797,1.33,92.283,4.102,80.514,8.215714285714286
2023-06-04 03:30:00,172.797,1.33,92.557,3.472,80.24,8.187755102040816
2023-06-04 04:00:00,173.034,1.439,92.453,3.367,80.58099999999999,8.222551020408162
2023-06-04 04:30:00,173.034,1.439,92.93,2.837,80.10399999999998,8.173877551020407
2023-06-04 05:00:00,173.152,1.439,92.062,2.73,81.08999999999999,8.274489795918365
2023-06-04 05:30:00,173.211,1.439,92.07,2.943,81.14100000000002,8.279693877551022
2023-06-04 06:00:00,173.27,1.439,92.082,2.41,81.18800000000002,8.284489795918368
2023-06-04 06:30:00,173.447,1.439,92.302,2.088,81.145,8.280102040816326
2023-06-04 07:00:00,173.505,1.33,91.999,2.837,81.506,8.316938775510204
2023-06-04 07:30:00,173.563,1.221,90.886,4.102,82.67699999999999,8.43642857142857
2023-06-04 08:00:00,173.682,1.33,90.22,8.382,83.46199999999999,8.516530612244896
2023-06-04 08:30:00,173.741,1.33,90.212,10.846,83.52900000000001,8.523367346938777
2023-06-04 09:00:00,173.741,1.33,90.926,8.581,82.81500000000001,8.450510204081635
2023-06-04 09:30:00,173.8,1.33,90.424,9.373,83.376,8.507755102040816
2023-06-04 10:00:00,173.8,1.33,89.805,10.651,83.995,8.57091836734694
2023-06-04 10:30:00,173.977,1.33,90.072,10.651,83.905,8.56173469387755
2023-06-04 11:00:00,174.154,1.33,90.16,11.236,83.994,8.570816326530613
2023-06-04 11:30:00,174.331,1.33,89.668,13.269,84.66299999999998,8.63908163265306
2023-06-04 12:00:00,174.391,1.439,90.014,12.69,84.377,8.609897959183673
2023-06-04 12:30:00,174.687,1.548,89.615,13.654,85.07200000000002,8.680816326530614
2023-06-04 13:00:00,174.805,1.548,89.827,14.9,84.97800000000001,8.67122448979592
2023-06-04 13:30:00,175.041,1.548,89.843,14.421,85.198,8.693673469387756
2023-06-04 14:00:00,175.219,1.656,89.669,14.23,85.55,8.729591836734693
2023-06-04 14:30:00,175.454,1.548,89.659,13.942,85.795,8.754591836734694
2023-06-04 15:00:00,175.748,1.548,89.65,14.613,86.09799999999998,8.785510204081632
2023-06-04 15:30:00,176.043,1.548,89.44,15.282,86.60300000000001,8.837040816326532
2023-06-04 16:00:00,176.338,1.548,89.714,15.473,86.624,8.839183673469387
2023-06-04 16:30:00,176.574,1.548,89.704,15.187,86.87000000000002,8.864285714285716
2023-06-04 17:00:00,176.869,1.548,89.633,15.091,87.236,8.901632653061224
2023-06-04 17:30:00,177.046,1.548,89.407,16.237,87.639,8.942755102040817
2023-06-04 18:00:00,177.341,1.548,89.277,17.284,88.06400000000001,8.986122448979591
2023-06-04 18:30:00,177.577,1.548,89.437,18.045,88.14,8.993877551020407
2023-06-04 19:00:00,177.872,1.548,89.397,17.855,88.47500000000001,9.028061224489797
2023-06-04 19:30:00,178.108,1.548,89.571,17.094,88.537,9.03438775510204
2023-06-04 20:00:00,178.344,1.548,89.767,16.046,88.577,9.038469387755102
2023-06-04 20:30:00,178.639,1.548,89.86,14.9,88.77900000000001,9.059081632653063
2023-06-04 21:00:00,178.874,1.548,89.826,13.942,89.048,9.086530612244898
2023-06-04 21:30:00,179.168,1.439,90.105,13.365,89.063,9.088061224489795
2023-06-04 22:00:00,179.286,1.439,90.2,12.304,89.086,9.090408163265305
2023-06-04 22:30:00,179.581,1.439,91.053,9.275,88.52799999999999,9.033469387755101
2023-06-04 23:00:00,179.817,1.439,89.994,11.236,89.82300000000001,9.165612244897961
2023-06-04 23:30:00,179.994,1.439,90.179,10.846,89.815,9.164795918367346
2023-06-05 00:00:00,180.112,1.439,90.013,9.965,90.09899999999999,9.19377551020408
2023-06-05 00:30:00,180.289,1.439,90.19,10.259,90.09899999999999,9.19377551020408
2023-06-05 01:00:00,180.407,1.439,89.965,10.455,90.44200000000001,9.228775510204082
2023-06-05 01:30:00,180.584,1.439,90.612,9.965,89.97200000000001,9.180816326530614
2023-06-05 02:00:00,180.701,1.439,90.242,8.082,90.45899999999999,9.23051020408163
2023-06-05 02:30:00,180.76,1.439,89.82,10.161,90.94,9.279591836734694
2023-06-05 03:00:00,180.878,1.439,90.164,8.68,90.71399999999998,9.256530612244896
2023-06-05 03:30:00,180.878,1.439,89.798,9.571,91.07999999999998,9.293877551020406
2023-06-05 04:00:00,181.055,1.439,89.891,10.259,91.164,9.302448979591837
2023-06-05 04:30:00,181.114,1.439,90.538,8.879,90.57600000000001,9.242448979591838
2023-06-05 05:00:00,181.232,1.439,90.69,8.481,90.542,9.238979591836735
2023-06-05 05:30:00,181.291,1.439,90.002,9.669,91.289,9.315204081632652
2023-06-05 06:00:00,181.409,1.439,89.757,10.259,91.65199999999999,9.352244897959181
2023-06-05 06:30:00,181.527,1.439,89.839,9.768,91.68799999999999,9.355918367346938
2023-06-05 07:00:00,181.586,1.439,89.939,9.768,91.64700000000002,9.351734693877553
2023-06-05 07:30:00,181.704,1.439,89.88,9.965,91.82400000000001,9.369795918367348
2023-06-05 08:00:00,181.762,1.33,89.745,11.722,92.017,9.389489795918367
2023-06-05 08:30:00,181.822,1.439,90.113,9.965,91.709,9.358061224489797
2023-06-05 09:00:00,181.999,1.439,89.983,10.944,92.01599999999999,9.389387755102039
2023-06-05 09:30:00,182.058,1.439,89.696,12.207,92.362,9.42469387755102
2023-06-05 10:00:00,182.294,1.439,89.479,13.558,92.81500000000001,9.47091836734694
2023-06-05 10:30:00,182.471,1.439,89.528,13.076,92.943,9.483979591836734
2023-06-05 11:00:00,182.589,1.439,89.614,12.69,92.975,9.487244897959183
2023-06-05 11:30:00,182.707,1.439,89.314,15.473,93.393,9.529897959183673
2023-06-05 12:00:00,182.826,1.548,89.307,16.237,93.51899999999999,9.542755102040815
2023-06-05 12:30:00,183.121,1.548,89.436,14.23,93.685,9.55969387755102
2023-06-05 13:00:00,183.296,1.439,89.17,16.141,94.12599999999999,9.60469387755102
2023-06-05 13:30:00,183.592,1.548,89.227,16.808,94.36500000000001,9.629081632653063
2023-06-05 14:00:00,183.828,1.548,89.487,15.664,94.34100000000001,9.626632653061225
2023-06-05 14:30:00,184.123,1.548,89.067,17.95,95.056,9.699591836734694
2023-06-05 15:00:00,184.478,1.656,89.14,18.14,95.33800000000001,9.728367346938777
2023-06-05 15:30:00,184.713,1.548,88.899,18.901,95.814,9.776938775510205
2023-06-05 16:00:00,185.068,1.656,89.14,18.14,95.92800000000001,9.78857142857143
2023-06-05 16:30:00,185.303,1.548,88.966,18.901,96.337,9.83030612244898
2023-06-05 17:00:00,185.656,1.548,89.23,17.855,96.426,9.839387755102042
2023-06-05 17:30:00,185.892,1.548,89.37,17.094,96.52199999999999,9.849183673469387
2023-06-05 18:00:00,186.305,1.548,89.19,16.713,97.11500000000001,9.909693877551021
2023-06-05 18:30:00,186.6,1.548,89.076,18.236,97.524,9.951428571428572
2023-06-05 19:00:00,186.895,1.548,89.31,17.284,97.58500000000001,9.957653061224491
2023-06-05 19:30:00,187.13,1.548,89.297,16.903,97.833,9.982959183673469
2023-06-05 20:00:00,187.366,1.548,89.16,16.808,98.20600000000002,10.021020408163267
2023-06-05 20:30:00,187.661,1.548,89.404,16.141,98.257,10.026224489795919
2023-06-05 21:00:00,187.956,1.548,89.483,14.613,98.47299999999998,10.048265306122447
2023-06-05 21:30:00,188.192,1.548,89.496,14.038,98.69600000000001,10.071020408163267
2023-06-05 22:00:00,188.369,1.548,90.045,11.722,98.324,10.033061224489796
2023-06-05 22:30:00,188.544,1.439,90.183,10.944,98.361,10.036836734693878
2023-06-05 23:00:00,188.544,1.439,90.472,9.768,98.07200000000002,10.007346938775513
2023-06-05 23:30:00,183.472,1.33,90.701,8.779,92.77100000000002,9.466428571428573
2023-06-06 00:00:00,183.767,1.33,90.863,7.782,92.904,9.48
2023-06-06 00:30:00,183.944,1.33,91.165,6.978,92.77899999999998,9.467244897959182
2023-06-06 01:00:00,184.121,1.33,91.311,6.471,92.81,9.470408163265306
2023-06-06 01:30:00,184.297,1.33,91.303,6.268,92.994,9.489183673469388
2023-06-06 02:00:00,184.533,1.33,91.546,5.655,92.98699999999998,9.488469387755101
2023-06-06 02:30:00,184.653,1.439,91.659,5.141,92.99399999999999,9.489183673469386
2023-06-06 03:00:00,184.71,1.33,91.58,4.831,93.13000000000001,9.503061224489798
2023-06-06 03:30:00,184.829,1.439,91.626,4.311,93.203,9.510510204081633
2023-06-06 04:00:00,184.947,1.439,92.0,3.683,92.947,9.484387755102041
2023-06-06 04:30:00,185.065,1.439,92.062,3.578,93.003,9.490102040816327
2023-06-06 05:00:00,185.124,1.439,92.278,3.155,92.84599999999999,9.47408163265306
2023-06-06 05:30:00,185.242,1.439,91.983,3.261,93.25899999999999,9.516224489795917
2023-06-06 06:00:00,185.301,1.439,92.045,3.155,93.25599999999999,9.515918367346938
2023-06-06 06:30:00,185.36,1.439,92.203,2.943,93.15700000000001,9.505816326530613
2023-06-06 07:00:00,185.478,1.439,91.268,3.683,94.21000000000001,9.61326530612245
2023-06-06 07:30:00,185.357,1.221,90.665,4.415,94.692,9.662448979591836
2023-06-06 08:00:00,185.416,1.221,89.715,7.381,95.701,9.765408163265306
2023-06-06 08:30:00,185.534,1.221,89.532,8.68,96.002,9.796122448979592
2023-06-06 09:00:00,185.593,1.221,89.943,8.978,95.64999999999999,9.76020408163265
2023-06-06 09:30:00,185.711,1.221,89.324,11.139,96.38700000000001,9.835408163265308
2023-06-06 10:00:00,185.829,1.221,89.527,11.236,96.302,9.826734693877551
2023-06-06 10:30:00,185.947,1.221,89.445,11.722,96.50200000000001,9.847142857142858
2023-06-06 11:00:00,186.006,1.221,89.217,12.787,96.789,9.876428571428571
2023-06-06 11:30:00,186.242,1.221,89.345,13.558,96.89699999999999,9.887448979591836
2023-06-06 12:00:00,186.36,1.221,89.103,14.23,97.25700000000002,9.92418367346939
2023-06-06 12:30:00,186.537,1.221,89.286,14.709,97.251,9.923571428571428
2023-06-06 13:00:00,186.714,1.221,89.243,15.378,97.471,9.946020408163266
2023-06-06 13:30:00,186.949,1.221,89.043,15.378,97.906,9.990408163265306
2023-06-06 14:00:00,187.185,1.221,89.16,14.9,98.025,10.002551020408163
2023-06-06 14:30:00,187.362,1.221,89.107,16.237,98.255,10.026020408163266
2023-06-06 15:00:00,187.598,1.221,89.153,14.709,98.44500000000001,10.045408163265307
2023-06-06 15:30:00,187.834,1.221,89.345,13.558,98.489,10.049897959183674
2023-06-06 16:00:00,188.071,1.33,89.296,14.038,98.77499999999999,10.07908163265306
2023-06-06 16:30:00,188.306,1.221,88.96,15.855,99.34600000000002,10.137346938775512
2023-06-06 17:00:00,188.541,1.221,88.944,16.332,99.597,10.16295918367347
2023-06-06 17:30:00,188.836,1.221,88.857,16.713,99.97900000000001,10.201938775510206
2023-06-06 18:00:00,189.131,1.221,89.02,16.618,100.111,10.215408163265305
2023-06-06 18:30:00,189.367,1.221,88.914,16.427,100.45299999999999,10.250306122448977
2023-06-06 19:00:00,189.721,1.221,88.994,15.855,100.727,10.27826530612245
2023-06-06 19:30:00,190.015,1.221,89.033,15.091,100.98199999999999,10.304285714285713
2023-06-06 20:00:00,190.31,1.221,89.153,14.709,101.157,10.322142857142858
2023-06-06 20:30:00,190.488,1.33,89.139,14.325,101.349,10.341734693877552
2023-06-06 21:00:00,190.842,1.33,89.573,12.497,101.26900000000002,10.33357142857143
2023-06-06 21:30:00,191.137,1.33,89.671,11.528,101.466,10.353673469387756
2023-06-06 22:00:00,191.312,1.221,89.746,10.846,101.56600000000002,10.36387755102041
2023-06-06 22:30:00,191.607,1.221,90.205,9.768,101.402,10.347142857142858
2023-06-06 23:00:00,191.725,1.221,90.309,8.978,101.416,10.348571428571429
2023-06-06 23:30:00,191.902,1.221,90.516,8.282,101.38599999999998,10.34551020408163
2023-06-07 00:00:00,192.018,1.112,90.847,7.381,101.171,10.323571428571428
2023-06-07 00:30:00,192.195,1.112,91.338,5.45,100.857,10.291530612244898
2023-06-07 01:00:00,192.313,1.112,90.563,6.064,101.74999999999999,10.382653061224488
2023-06-07 01:30:00,192.373,1.221,90.818,5.757,101.55499999999999,10.362755102040815
2023-06-07 02:00:00,192.55,1.221,91.392,5.141,101.15800000000002,10.322244897959186
2023-06-07 02:30:00,192.608,1.112,91.255,5.037,101.35300000000001,10.342142857142859
2023-06-07 03:00:00,192.668,1.221,91.476,4.727,101.19200000000001,10.325714285714286
2023-06-07 03:30:00,192.726,1.112,91.393,4.311,101.333,10.340102040816326
2023-06-07 04:00:00,192.785,1.112,92.195,2.73,100.59,10.264285714285714
2023-06-07 04:30:00,192.844,1.112,91.073,3.788,101.771,10.384795918367347
2023-06-07 05:00:00,192.961,1.112,91.239,3.788,101.72200000000001,10.379795918367348
2023-06-07 05:30:00,192.961,1.112,91.401,3.683,101.56000000000002,10.36326530612245
2023-06-07 06:00:00,193.079,1.112,90.599,4.415,102.48,10.457142857142857
2023-06-07 06:30:00,193.138,1.112,91.85,3.261,101.28800000000001,10.335510204081634
2023-06-07 07:00:00,193.197,1.112,90.981,3.998,102.21600000000001,10.430204081632654
2023-06-07 07:30:00,193.197,1.112,90.507,4.623,102.69,10.478571428571428
2023-06-07 08:00:00,193.196,1.003,90.107,5.45,103.089,10.519285714285715
2023-06-07 08:30:00,193.314,1.003,90.169,5.347,103.145,10.525
2023-06-07 09:00:00,193.314,1.003,89.449,7.381,103.865,10.598469387755102
2023-06-07 09:30:00,193.314,1.003,89.299,8.68,104.01499999999999,10.61377551020408
2023-06-07 10:00:00,193.373,1.003,89.309,10.748,104.064,10.618775510204081
2023-06-07 10:30:00,193.432,1.003,89.576,9.866,103.856,10.597551020408163
2023-06-07 11:00:00,193.549,1.003,89.112,11.722,104.43700000000001,10.65683673469388
2023-06-07 11:30:00,193.726,1.003,89.003,12.401,104.723,10.686020408163266
2023-06-07 12:00:00,193.844,1.003,89.047,12.69,104.797,10.69357142857143
2023-06-07 12:30:00,193.962,1.003,89.054,12.883,104.90799999999999,10.704897959183672
2023-06-07 13:00:00,194.139,1.003,88.968,13.269,105.171,10.73173469387755
2023-06-07 13:30:00,194.316,1.003,88.972,13.365,105.34400000000001,10.749387755102042
2023-06-07 14:00:00,194.493,1.003,88.952,13.75,105.541,10.769489795918368
2023-06-07 14:30:00,194.728,1.003,88.978,13.558,105.75000000000001,10.790816326530614
2023-06-07 15:00:00,194.964,1.003,88.955,13.846,106.009,10.817244897959183
2023-06-07 15:30:00,195.141,1.003,88.843,15.378,106.29799999999999,10.846734693877549
2023-06-07 16:00:00,195.377,1.003,88.97,15.187,106.40700000000001,10.857857142857144
2023-06-07 16:30:00,195.613,1.003,88.823,16.713,106.79,10.896938775510204
2023-06-07 17:00:00,195.907,1.003,88.85,16.523,107.05700000000002,10.92418367346939
2023-06-07 17:30:00,196.202,1.003,88.974,16.237,107.228,10.941632653061225
2023-06-07 18:00:00,196.438,1.003,88.97,16.141,107.46799999999999,10.96612244897959
2023-06-07 18:30:00,196.674,1.003,88.984,16.523,107.69000000000001,10.988775510204084
2023-06-07 19:00:00,196.909,1.003,88.874,16.237,108.035,11.023979591836735
2023-06-07 19:30:00,197.204,1.003,89.084,15.569,108.12,11.03265306122449
2023-06-07 20:00:00,197.381,1.003,89.207,15.282,108.174,11.038163265306123
2023-06-07 20:30:00,197.617,1.003,88.873,15.282,108.74399999999999,11.096326530612243
2023-06-07 21:00:00,197.851,0.893,89.61,12.594,108.241,11.045
2023-06-07 21:30:00,198.028,0.893,89.594,11.236,108.434,11.06469387755102
2023-06-07 22:00:00,198.204,0.893,90.164,8.68,108.04,11.024489795918367
2023-06-07 22:30:00,198.44,0.893,90.282,8.282,108.158,11.036530612244897
2023-06-07 23:00:00,198.56,1.003,90.275,8.082,108.285,11.049489795918367
2023-06-07 23:30:00,198.676,0.893,90.537,7.983,108.13899999999998,11.034591836734693
2023-06-08 00:00:00,198.853,0.893,89.997,7.782,108.85600000000001,11.107755102040818
2023-06-08 00:30:00,198.912,0.893,90.879,6.471,108.033,11.023775510204082
2023-06-08 01:00:00,199.088,0.893,91.176,5.552,107.91199999999999,11.01142857142857
2023-06-08 01:30:00,199.088,0.893,89.984,6.573,109.104,11.133061224489795
2023-06-08 02:00:00,199.206,0.893,91.314,4.831,107.892,11.009387755102042
2023-06-08 02:30:00,199.324,0.893,90.594,5.141,108.73000000000002,11.094897959183674
2023-06-08 03:00:00,199.383,0.893,90.919,4.934,108.46400000000001,11.067755102040818
2023-06-08 03:30:00,199.383,0.893,91.114,4.831,108.269,11.047857142857143
2023-06-08 04:00:00,199.442,0.893,91.156,4.207,108.286,11.049591836734693
2023-06-08 04:30:00,199.442,0.893,91.223,4.207,108.21900000000001,11.042755102040818
2023-06-08 05:00:00,199.44,0.784,91.539,3.788,107.901,11.010306122448979
2023-06-08 05:30:00,199.44,0.784,90.927,4.311,108.51299999999999,11.072755102040816
2023-06-08 06:00:00,199.558,0.784,90.703,4.519,108.85499999999999,11.107653061224488
2023-06-08 06:30:00,199.558,0.784,90.003,5.347,109.55499999999999,11.179081632653059
2023-06-08 07:00:00,199.558,0.784,90.586,4.934,108.972,11.119591836734694
2023-06-08 07:30:00,199.558,0.784,89.731,6.064,109.827,11.206836734693878
2023-06-08 08:00:00,199.676,0.784,88.991,10.259,110.68499999999999,11.29438775510204
2023-06-08 08:30:00,199.617,0.784,88.986,11.916,110.63099999999999,11.288877551020407
2023-06-08 09:00:00,199.676,0.784,89.509,10.748,110.16699999999999,11.241530612244896
2023-06-08 09:30:00,199.676,0.784,89.401,11.431,110.27499999999999,11.252551020408161
2023-06-08 10:00:00,199.853,0.784,89.062,14.038,110.79100000000001,11.305204081632654
2023-06-08 10:30:00,199.853,0.784,88.89,14.804,110.96300000000001,11.322755102040817
2023-06-08 11:00:00,200.03,0.784,88.862,14.038,111.168,11.343673469387754
2023-06-08 11:30:00,200.148,0.784,88.883,14.613,111.265,11.353571428571428
2023-06-08 12:00:00,200.266,0.784,88.877,16.332,111.389,11.366224489795918
2023-06-08 12:30:00,200.501,0.784,88.803,15.187,111.69800000000001,11.397755102040819
2023-06-08 13:00:00,200.737,0.784,88.71,16.332,112.027,11.431326530612244
2023-06-08 13:30:00,200.973,0.784,88.723,16.713,112.25000000000001,11.454081632653063
2023-06-08 14:00:00,201.15,0.784,88.964,15.951,112.186,11.447551020408163
2023-06-08 14:30:00,201.326,0.784,89.12,14.709,112.20599999999999,11.449591836734692
2023-06-08 15:00:00,201.621,0.784,89.03,15.951,112.59100000000001,11.48887755102041
2023-06-08 15:30:00,201.798,0.784,89.312,13.558,112.486,11.478163265306122
2023-06-08 16:00:00,201.916,0.784,88.929,14.038,112.987,11.529285714285715
2023-06-08 16:30:00,202.151,0.784,88.72,16.618,113.43100000000001,11.574591836734696
2023-06-08 17:00:00,202.328,0.784,88.8,16.999,113.528,11.584489795918367
2023-06-08 17:30:00,202.562,0.674,88.922,13.846,113.64000000000001,11.59591836734694
2023-06-08 18:00:00,202.798,0.674,88.9,15.091,113.898,11.622244897959183
2023-06-08 18:30:00,202.975,0.674,89.614,12.69,113.36099999999999,11.567448979591836
2023-06-08 19:00:00,203.269,0.674,89.505,10.651,113.76400000000001,11.60857142857143
2023-06-08 19:30:00,203.446,0.674,89.375,11.625,114.071,11.639897959183674
2023-06-08 20:00:00,203.682,0.674,89.114,12.69,114.56799999999998,11.690612244897958
2023-06-08 20:30:00,203.857,0.563,89.308,11.625,114.54899999999999,11.688673469387753
2023-06-08 21:00:00,204.035,0.674,89.816,10.944,114.219,11.655
2023-06-08 21:30:00,204.152,0.563,89.208,11.625,114.94399999999999,11.728979591836733
2023-06-08 22:00:00,204.328,0.563,89.479,10.846,114.849,11.719285714285714
2023-06-08 22:30:00,204.446,0.563,89.439,10.651,115.007,11.735408163265307
2023-06-08 23:00:00,204.448,0.674,90.017,10.063,114.43100000000001,11.676632653061226
2023-06-08 23:30:00,204.507,0.674,90.065,9.571,114.44200000000001,11.677755102040816
2023-06-09 00:00:00,204.625,0.674,90.117,9.176,114.508,11.684489795918367
2023-06-09 00:30:00,204.744,0.784,90.612,8.182,114.132,11.646122448979591
2023-06-09 01:00:00,204.86,0.674,90.06,7.682,114.80000000000001,11.714285714285715
2023-06-09 01:30:00,205.096,0.674,89.728,8.581,115.36800000000001,11.772244897959185
2023-06-09 02:00:00,205.096,0.674,90.238,7.983,114.858,11.720204081632653
2023-06-09 02:30:00,205.273,0.674,90.038,7.983,115.235,11.758673469387755
2023-06-09 03:00:00,205.391,0.674,91.138,5.45,114.25299999999999,11.658469387755101
2023-06-09 03:30:00,205.392,0.784,91.618,4.102,113.774,11.609591836734694
2023-06-09 04:00:00,205.392,0.784,90.177,5.552,115.21499999999999,11.756632653061223
2023-06-09 04:30:00,205.451,0.784,90.093,5.962,115.35799999999999,11.771224489795918
2023-06-09 05:00:00,205.567,0.674,90.346,6.471,115.221,11.757244897959184
2023-06-09 05:30:00,205.626,0.674,91.518,4.102,114.108,11.643673469387755
2023-06-09 06:00:00,205.626,0.674,91.767,3.683,113.85900000000001,11.618265306122451
2023-06-09 06:30:00,205.626,0.674,91.53,3.578,114.096,11.642448979591837
2023-06-09 07:00:00,205.685,0.674,91.048,3.998,114.637,11.69765306122449
2023-06-09 07:30:00,205.685,0.674,90.003,5.347,115.682,11.804285714285715
2023-06-09 08:00:00,205.744,0.674,89.39,11.139,116.354,11.872857142857143
2023-06-09 08:30:00,205.744,0.674,89.001,13.269,116.743,11.912551020408163
2023-06-09 09:00:00,205.803,0.674,89.487,12.883,116.316,11.868979591836736
2023-06-09 09:30:00,205.803,0.674,89.344,12.594,116.459,11.883571428571429
2023-06-09 10:00:00,205.862,0.674,89.1,12.304,116.762,11.914489795918367
2023-06-09 10:30:00,205.98,0.674,89.597,11.334,116.383,11.875816326530613
2023-06-09 11:00:00,206.039,0.674,89.345,11.722,116.69399999999999,11.907551020408162
2023-06-09 11:30:00,206.098,0.674,89.072,13.365,117.02600000000001,11.941428571428572
2023-06-09 12:00:00,206.098,0.674,88.87,16.141,117.22800000000001,11.962040816326532
2023-06-09 12:30:00,206.275,0.674,89.366,14.134,116.909,11.929489795918368
2023-06-09 13:00:00,206.333,0.674,89.026,14.9,117.307,11.970102040816327
2023-06-09 13:30:00,206.569,0.674,88.94,16.237,117.62899999999999,12.002959183673468
2023-06-09 14:00:00,206.748,0.784,88.924,16.713,117.82399999999998,12.022857142857141
2023-06-09 14:30:00,206.923,0.674,88.803,17.094,118.12,12.053061224489795
2023-06-09 15:00:00,207.158,0.674,89.127,16.808,118.03099999999999,12.043979591836733
2023-06-09 15:30:00,207.276,0.674,89.04,17.189,118.236,12.064897959183673
2023-06-09 16:00:00,207.514,0.784,88.706,18.14,118.808,12.123265306122448
2023-06-09 16:30:00,207.808,0.784,89.031,19.853,118.77699999999999,12.120102040816326
2023-06-09 17:00:00,207.985,0.784,88.896,18.806,119.08900000000001,12.151938775510205
2023-06-09 17:30:00,208.162,0.784,88.846,18.331,119.316,12.175102040816327
2023-06-09 18:00:00,208.455,0.674,89.067,17.95,119.38800000000002,12.182448979591838
2023-06-09 18:30:00,208.749,0.674,89.214,15.473,119.535,12.197448979591837
2023-06-09 19:00:00,208.926,0.674,89.127,14.9,119.79899999999999,12.22438775510204
2023-06-09 19:30:00,209.044,0.674,88.91,16.332,120.13400000000001,12.25857142857143
2023-06-09 20:00:00,209.338,0.674,89.289,13.846,120.04899999999999,12.249897959183672
2023-06-09 20:30:00,209.456,0.674,89.024,15.76,120.43199999999999,12.288979591836734
2023-06-09 21:00:00,209.633,0.674,89.773,12.497,119.86000000000001,12.23061224489796
2023-06-09 21:30:00,209.692,0.674,89.697,11.334,119.995,12.244387755102041
2023-06-09 22:00:00,209.869,0.674,89.865,10.455,120.004,12.24530612244898
2023-06-09 22:30:00,210.045,0.674,90.331,9.571,119.71399999999998,12.215714285714284
2023-06-09 23:00:00,210.045,0.674,90.615,8.282,119.42999999999999,12.186734693877549
2023-06-09 23:30:00,210.163,0.674,90.685,7.481,119.47800000000001,12.191632653061227
2023-06-10 00:00:00,210.163,0.674,90.894,6.877,119.269,12.170306122448979
2023-06-10 00:30:00,210.34,0.674,90.949,6.573,119.391,12.182755102040817
2023-06-10 01:00:00,210.34,0.674,91.15,5.757,119.19,12.162244897959184
2023-06-10 01:30:00,210.34,0.674,91.051,5.757,119.289,12.17234693877551
2023-06-10 02:00:00,210.458,0.674,91.305,5.45,119.15299999999999,12.158469387755101
2023-06-10 02:30:00,210.399,0.674,91.201,5.347,119.19800000000001,12.163061224489798
2023-06-10 03:00:00,210.458,0.674,91.164,5.244,119.294,12.172857142857143
2023-06-10 03:30:00,210.458,0.674,91.355,5.037,119.103,12.153367346938776
2023-06-10 04:00:00,210.458,0.674,91.381,3.998,119.077,12.150714285714285
2023-06-10 04:30:00,210.458,0.674,91.647,3.998,118.81099999999999,12.123571428571429
2023-06-10 05:00:00,210.399,0.674,91.863,3.578,118.536,12.095510204081632
2023-06-10 05:30:00,210.458,0.674,90.96,4.311,119.498,12.193673469387756
2023-06-10 06:00:00,210.456,0.563,90.453,4.934,120.00299999999999,12.245204081632652
2023-06-10 06:30:00,210.456,0.563,90.203,5.347,120.25299999999999,12.270714285714284
2023-06-10 07:00:00,210.515,0.563,90.744,4.727,119.77099999999999,12.221530612244896
2023-06-10 07:30:00,210.397,0.563,89.798,6.064,120.59899999999999,12.306020408163263
2023-06-10 08:00:00,210.397,0.563,89.439,7.983,120.958,12.342653061224489
2023-06-10 08:30:00,210.456,0.563,89.236,9.669,121.21999999999998,12.36938775510204
2023-06-10 09:00:00,210.397,0.563,89.321,10.161,121.076,12.35469387755102
2023-06-10 09:30:00,210.456,0.563,89.29,11.139,121.16599999999998,12.363877551020407
2023-06-10 10:00:00,210.456,0.563,89.187,12.883,121.26899999999999,12.37438775510204
2023-06-10 10:30:00,210.515,0.563,89.166,14.134,121.34899999999999,12.382551020408162
2023-06-10 11:00:00,210.574,0.563,89.106,14.325,121.46800000000002,12.394693877551022
2023-06-10 11:30:00,210.635,0.674,89.023,14.804,121.612,12.40938775510204
2023-06-10 12:00:00,210.693,0.674,88.98,16.427,121.71300000000001,12.419693877551023
2023-06-10 12:30:00,210.811,0.674,89.317,15.569,121.49400000000001,12.397346938775511
2023-06-10 13:00:00,210.929,0.674,89.362,14.038,121.56700000000001,12.404795918367347
2023-06-10 13:30:00,211.165,0.674,89.259,13.942,121.90599999999999,12.43938775510204
2023-06-10 14:00:00,211.283,0.674,89.246,14.517,122.03699999999999,12.452755102040815
2023-06-10 14:30:00,211.518,0.674,89.176,14.421,122.342,12.483877551020408
2023-06-10 15:00:00,211.636,0.674,89.528,13.076,122.10799999999999,12.459999999999999
2023-06-10 15:30:00,211.931,0.674,89.272,13.365,122.659,12.516224489795919
2023-06-10 16:00:00,212.048,0.674,89.329,14.038,122.71900000000001,12.522346938775511
2023-06-10 16:30:00,212.284,0.674,89.262,14.038,123.02199999999999,12.553265306122448
2023-06-10 17:00:00,212.52,0.674,88.994,15.855,123.52600000000001,12.604693877551021
2023-06-10 17:30:00,212.755,0.674,89.357,14.804,123.398,12.591632653061225
2023-06-10 18:00:00,212.991,0.674,89.35,14.613,123.64100000000002,12.616428571428573
2023-06-10 18:30:00,213.286,0.674,89.178,13.558,124.108,12.664081632653062
2023-06-10 19:00:00,213.403,0.674,89.208,13.461,124.195,12.67295918367347
2023-06-10 19:30:00,213.58,0.674,89.375,13.461,124.20500000000001,12.673979591836737
2023-06-10 20:00:00,213.698,0.674,89.477,12.594,124.221,12.675612244897959
2023-06-10 20:30:00,213.934,0.674,89.808,11.625,124.12599999999999,12.665918367346936
2023-06-10 21:00:00,214.051,0.674,90.213,9.077,123.838,12.636530612244899
2023-06-10 21:30:00,214.11,0.674,90.874,8.082,123.23600000000002,12.575102040816327
2023-06-10 22:00:00,214.228,0.674,90.32,8.382,123.90800000000002,12.643673469387757
2023-06-10 22:30:00,214.285,0.563,90.963,7.782,123.322,12.583877551020407
2023-06-10 23:00:00,214.344,0.563,91.253,6.674,123.091,12.56030612244898
2023-06-10 23:30:00,214.403,0.563,91.425,5.962,122.978,12.54877551020408
2023-06-11 00:00:00,214.58,0.563,91.471,5.45,123.10900000000001,12.56214285714286
2023-06-11 00:30:00,214.521,0.563,91.629,5.244,122.89199999999998,12.54
2023-06-11 01:00:00,214.58,0.563,92.029,4.415,122.55100000000002,12.505204081632655
2023-06-11 01:30:00,214.58,0.563,91.792,4.311,122.78800000000001,12.529387755102043
2023-06-11 02:00:00,214.639,0.563,92.237,3.788,122.40200000000002,12.490000000000002
2023-06-11 02:30:00,214.521,0.563,92.345,3.155,122.17599999999999,12.466938775510203
2023-06-11 03:00:00,214.639,0.563,92.378,3.155,122.26100000000001,12.475612244897961
2023-06-11 03:30:00,214.58,0.563,92.207,3.049,122.37300000000002,12.487040816326532
2023-06-11 04:00:00,214.521,0.563,92.643,2.303,121.87799999999999,12.436530612244896
2023-06-11 04:30:00,214.521,0.563,92.825,1.872,121.69599999999998,12.417959183673467
2023-06-11 05:00:00,214.462,0.563,92.721,1.764,121.74099999999999,12.422551020408163
2023-06-11 05:30:00,214.462,0.563,92.177,2.303,122.28499999999998,12.478061224489794
2023-06-11 06:00:00,214.344,0.563,91.662,2.73,122.68199999999999,12.518571428571427
2023-06-11 06:30:00,214.344,0.563,92.277,2.303,122.067,12.455816326530613
2023-06-11 07:00:00,214.344,0.563,91.542,3.049,122.80199999999999,12.53081632653061
2023-06-11 07:30:00,214.226,0.563,90.466,4.415,123.76,12.628571428571428
2023-06-11 08:00:00,214.167,0.563,90.931,5.244,123.236,12.575102040816326
2023-06-11 08:30:00,214.108,0.563,90.273,5.45,123.83500000000001,12.63622448979592
2023-06-11 09:00:00,214.049,0.563,89.956,7.582,124.093,12.662551020408163
2023-06-11 09:30:00,213.932,0.563,89.753,7.481,124.17899999999999,12.671326530612243
2023-06-11 10:00:00,213.873,0.563,89.705,7.983,124.16799999999999,12.67020408163265
2023-06-11 10:30:00,213.814,0.563,90.362,6.877,123.452,12.597142857142858
2023-06-11 11:00:00,213.755,0.563,89.617,8.282,124.13799999999999,12.667142857142856
2023-06-11 11:30:00,213.755,0.563,89.68,9.077,124.07499999999999,12.660714285714285
2023-06-11 12:00:00,213.755,0.563,89.513,9.965,124.24199999999999,12.677755102040814
2023-06-11 12:30:00,213.696,0.563,89.45,10.063,124.246,12.678163265306122
2023-06-11 13:00:00,213.696,0.563,89.147,12.69,124.54899999999999,12.70908163265306
2023-06-11 13:30:00,213.698,0.674,89.163,12.207,124.53500000000001,12.707653061224491
2023-06-11 14:00:00,213.698,0.674,89.387,11.041,124.311,12.684795918367348
2023-06-11 14:30:00,213.875,0.674,89.334,11.431,124.541,12.708265306122449
2023-06-11 15:00:00,213.816,0.674,89.045,11.722,124.771,12.73173469387755
2023-06-11 15:30:00,213.875,0.674,89.156,12.013,124.719,12.726428571428572
2023-06-11 16:00:00,214.049,0.563,88.884,12.787,125.165,12.771938775510204
2023-06-11 16:30:00,214.051,0.674,88.757,15.76,125.29399999999998,12.785102040816325
2023-06-11 17:00:00,214.169,0.674,88.673,18.14,125.49600000000001,12.805714285714288
2023-06-11 17:30:00,214.285,0.563,88.689,18.616,125.596,12.815918367346939
2023-06-11 18:00:00,214.464,0.674,88.97,15.187,125.494,12.805510204081633
2023-06-11 18:30:00,214.523,0.674,89.301,13.269,125.222,12.777755102040816
2023-06-11 19:00:00,214.639,0.563,89.575,11.625,125.06400000000001,12.761632653061225
2023-06-11 19:30:00,214.815,0.563,89.182,11.819,125.633,12.819693877551021
2023-06-11 20:00:00,214.815,0.563,89.55,10.944,125.265,12.782142857142857
2023-06-11 20:30:00,214.874,0.563,89.824,9.373,125.05,12.760204081632653
2023-06-11 21:00:00,214.933,0.563,90.09,8.481,124.84299999999999,12.73908163265306
2023-06-11 21:30:00,214.872,0.453,90.193,7.682,124.67900000000002,12.722346938775512
2023-06-11 22:00:00,214.933,0.563,90.495,6.877,124.43799999999999,12.697755102040816
2023-06-11 22:30:00,215.051,0.563,90.538,6.268,124.51299999999999,12.705408163265304
2023-06-11 23:00:00,214.992,0.563,90.685,5.757,124.30699999999999,12.684387755102039
2023-06-11 23:30:00,214.992,0.563,91.022,5.037,123.96999999999998,12.649999999999999
2023-06-12 00:00:00,215.051,0.563,90.881,4.831,124.16999999999999,12.670408163265305
2023-06-12 00:30:00,214.992,0.563,90.748,4.831,124.24399999999999,12.677959183673467
2023-06-12 01:00:00,214.933,0.563,90.777,4.727,124.15599999999999,12.668979591836733
2023-06-12 01:30:00,214.933,0.563,90.94,4.623,123.993,12.65234693877551
2023-06-12 02:00:00,214.992,0.563,90.873,4.623,124.11899999999999,12.665204081632652
2023-06-12 02:30:00,214.874,0.563,91.002,4.519,123.872,12.64
2023-06-12 03:00:00,214.815,0.563,91.534,3.683,123.28099999999999,12.57969387755102
2023-06-12 03:30:00,214.756,0.563,90.965,3.578,123.791,12.63173469387755
2023-06-12 04:00:00,214.697,0.563,90.233,4.415,124.464,12.700408163265307
2023-06-12 04:30:00,214.578,0.453,91.035,3.683,123.543,12.606428571428571
2023-06-12 05:00:00,214.519,0.453,91.293,3.472,123.226,12.574081632653062
2023-06-12 05:30:00,214.519,0.453,90.931,3.578,123.58800000000001,12.611020408163267
2023-06-12 06:00:00,214.46,0.453,90.353,4.102,124.10700000000001,12.663979591836735
2023-06-12 06:30:00,214.342,0.453,89.887,4.934,124.45500000000001,12.69948979591837
2023-06-12 07:00:00,214.283,0.453,89.703,5.347,124.57999999999998,12.712244897959183
2023-06-12 07:30:00,214.165,0.453,89.273,6.268,124.892,12.744081632653062
2023-06-12 08:00:00,214.106,0.453,89.106,9.768,125.0,12.755102040816327
2023-06-12 08:30:00,214.048,0.453,88.861,11.236,125.187,12.774183673469388
2023-06-12 09:00:00,214.048,0.453,89.376,10.748,124.672,12.721632653061224
2023-06-12 09:30:00,213.989,0.453,88.871,11.528,125.11800000000001,12.767142857142858
2023-06-12 10:00:00,213.93,0.453,89.073,12.497,124.85700000000001,12.740510204081634
2023-06-12 10:30:00,213.93,0.453,89.068,13.269,124.86200000000001,12.741020408163267
2023-06-12 11:00:00,213.991,0.563,89.247,12.69,124.74400000000001,12.728979591836737
2023-06-12 11:30:00,213.991,0.563,89.429,12.207,124.56200000000001,12.710408163265308
2023-06-12 12:00:00,214.108,0.563,89.114,12.69,124.994,12.754489795918367
2023-06-12 12:30:00,214.108,0.563,89.583,10.944,124.525,12.706632653061224
2023-06-12 13:00:00,214.285,0.563,89.798,9.571,124.487,12.702755102040816
2023-06-12 13:30:00,214.344,0.563,89.802,9.669,124.54199999999999,12.708367346938774
2023-06-12 14:00:00,214.462,0.563,89.769,9.669,124.69299999999998,12.72377551020408
2023-06-12 14:30:00,214.639,0.563,89.669,9.669,124.97000000000001,12.752040816326533
2023-06-12 15:00:00,214.756,0.563,89.542,10.748,125.214,12.776938775510205
2023-06-12 15:30:00,214.874,0.563,89.245,11.722,125.62899999999999,12.819285714285712
2023-06-12 16:00:00,214.992,0.563,89.442,10.748,125.55,12.811224489795919
2023-06-12 16:30:00,215.051,0.563,89.357,11.139,125.69399999999999,12.825918367346937
2023-06-12 17:00:00,215.226,0.453,89.252,11.916,125.974,12.854489795918367
2023-06-12 17:30:00,215.343,0.453,89.616,10.944,125.72699999999999,12.829285714285712
2023-06-12 18:00:00,215.463,0.563,89.115,11.819,126.348,12.89265306122449
2023-06-12 18:30:00,215.638,0.453,89.887,10.161,125.751,12.831734693877552
2023-06-12 19:00:00,215.699,0.563,89.554,10.161,126.14500000000001,12.871938775510205
2023-06-12 19:30:00,215.758,0.563,89.213,10.846,126.54500000000002,12.912755102040817
2023-06-12 20:00:00,215.815,0.453,89.131,11.334,126.684,12.926938775510203
2023-06-12 20:30:00,215.874,0.453,90.257,9.373,125.61699999999999,12.818061224489794
2023-06-12 21:00:00,215.756,0.453,90.194,8.581,125.562,12.812448979591837
2023-06-12 21:30:00,215.874,0.453,90.637,7.983,125.237,12.779285714285715
2023-06-12 22:00:00,215.815,0.453,90.595,6.877,125.22,12.777551020408163
2023-06-12 22:30:00,215.874,0.453,90.783,6.573,125.091,12.76438775510204
2023-06-12 23:00:00,215.933,0.453,91.204,6.268,124.729,12.727448979591836
2023-06-12 23:30:00,215.815,0.453,91.417,5.757,124.398,12.693673469387756
2023-06-13 00:00:00,215.815,0.453,91.318,4.934,124.497,12.703775510204082
2023-06-13 00:30:00,215.697,0.453,91.755,4.207,123.94200000000001,12.647142857142857
2023-06-13 01:00:00,215.638,0.453,91.942,3.893,123.69600000000001,12.622040816326532
2023-06-13 01:30:00,215.579,0.453,92.12,3.367,123.459,12.597857142857142
2023-06-13 02:00:00,215.579,0.453,92.236,2.943,123.343,12.586020408163265
2023-06-13 02:30:00,215.343,0.453,92.481,2.41,122.862,12.536938775510205
2023-06-13 03:00:00,215.285,0.453,92.319,2.517,122.966,12.547551020408163
2023-06-13 03:30:00,215.167,0.453,92.634,2.088,122.533,12.503367346938775
2023-06-13 04:00:00,215.049,0.453,92.949,1.656,122.10000000000001,12.45918367346939
2023-06-13 04:30:00,214.931,0.453,92.874,1.439,122.05700000000002,12.45479591836735
2023-06-13 05:00:00,214.872,0.453,92.969,1.33,121.90300000000002,12.439081632653062
2023-06-13 05:30:00,214.578,0.453,92.475,1.439,122.10300000000001,12.459489795918369
2023-06-13 06:00:00,214.519,0.453,92.346,1.548,122.173,12.466632653061225
2023-06-13 06:30:00,214.401,0.453,92.479,1.548,121.92200000000001,12.441020408163267
2023-06-13 07:00:00,214.165,0.453,92.255,1.764,121.91,12.439795918367347
2023-06-13 07:30:00,214.048,0.453,91.006,2.943,123.042,12.555306122448979
2023-06-13 08:00:00,213.871,0.453,90.282,4.831,123.58900000000001,12.611122448979593
2023-06-13 08:30:00,213.753,0.453,90.264,6.064,123.48899999999999,12.600918367346937
2023-06-13 09:00:00,213.635,0.453,89.635,8.779,123.99999999999999,12.653061224489795
2023-06-13 09:30:00,213.4,0.453,89.628,10.357,123.772,12.629795918367346
2023-06-13 10:00:00,213.282,0.453,89.746,9.965,123.53600000000002,12.605714285714287
2023-06-13 10:30:00,213.166,0.563,89.542,10.748,123.624,12.614693877551021
2023-06-13 11:00:00,213.107,0.563,89.539,10.651,123.568,12.608979591836734
2023-06-13 11:30:00,212.989,0.563,89.585,11.916,123.40400000000001,12.592244897959185
2023-06-13 12:00:00,212.991,0.674,89.396,12.207,123.59500000000001,12.611734693877553
2023-06-13 12:30:00,212.873,0.674,89.54,12.497,123.33299999999998,12.584999999999999
2023-06-13 13:00:00,212.814,0.674,89.298,13.173,123.51599999999999,12.603673469387754
2023-06-13 13:30:00,212.755,0.674,89.421,12.883,123.33399999999999,12.585102040816325
2023-06-13 14:00:00,212.696,0.674,89.412,13.558,123.28399999999999,12.579999999999998
2023-06-13 14:30:00,212.639,0.784,89.428,13.076,123.21100000000001,12.572551020408165
2023-06-13 15:00:00,212.638,0.674,89.451,12.787,123.18700000000001,12.570102040816328
2023-06-13 15:30:00,212.696,0.674,89.51,12.594,123.18599999999999,12.57
2023-06-13 16:00:00,212.755,0.674,89.238,13.365,123.517,12.603775510204082
2023-06-13 16:30:00,212.753,0.563,89.173,15.282,123.57999999999998,12.610204081632652
2023-06-13 17:00:00,212.755,0.674,89.18,15.473,123.57499999999999,12.609693877551019
2023-06-13 17:30:00,212.814,0.674,89.333,14.134,123.481,12.600102040816326
2023-06-13 18:00:00,212.814,0.674,89.631,13.173,123.18299999999999,12.569693877551021
2023-06-13 18:30:00,212.873,0.674,89.335,13.269,123.538,12.60591836734694
2023-06-13 19:00:00,212.871,0.563,89.508,13.461,123.36300000000001,12.588061224489797
2023-06-13 19:30:00,212.93,0.563,89.773,12.497,123.15700000000001,12.567040816326532
2023-06-13 20:00:00,212.93,0.563,90.075,10.748,122.855,12.536224489795918
2023-06-13 20:30:00,212.93,0.563,90.615,8.282,122.31500000000001,12.481122448979594
2023-06-13 21:00:00,212.812,0.563,90.953,6.674,121.85900000000001,12.434591836734695
2023-06-13 21:30:00,212.695,0.563,90.233,6.978,122.46199999999999,12.496122448979591
2023-06-13 22:00:00,212.636,0.563,90.27,7.079,122.366,12.486326530612246
2023-06-13 22:30:00,212.577,0.563,90.8,6.166,121.777,12.426224489795919
2023-06-13 23:00:00,212.459,0.563,90.313,6.471,122.146,12.463877551020408
2023-06-13 23:30:00,212.282,0.563,90.409,6.37,121.873,12.436020408163266
2023-06-14 00:00:00,212.164,0.563,91.821,4.207,120.34299999999999,12.279897959183671
2023-06-14 00:30:00,211.929,0.563,91.197,4.415,120.732,12.319591836734693
2023-06-14 01:00:00,211.809,0.453,91.609,3.893,120.2,12.26530612244898
2023-06-14 01:30:00,211.573,0.453,92.074,3.049,119.49900000000001,12.193775510204084
2023-06-14 02:00:00,211.338,0.453,91.883,3.261,119.455,12.189285714285715
2023-06-14 02:30:00,211.102,0.453,92.199,2.837,118.903,12.132959183673469
2023-06-14 03:00:00,210.866,0.453,92.61,2.303,118.25600000000001,12.066938775510206
2023-06-14 03:30:00,210.69,0.453,92.924,1.872,117.76599999999999,12.016938775510203
2023-06-14 04:00:00,210.395,0.453,92.774,1.439,117.62100000000001,12.002142857142859
2023-06-14 04:30:00,210.101,0.453,92.579,1.548,117.522,11.992040816326531
2023-06-14 05:00:00,209.865,0.453,92.964,1.221,116.90100000000001,11.928673469387757
2023-06-14 05:30:00,209.629,0.453,93.374,0.674,116.255,11.862755102040817
2023-06-14 06:00:00,209.335,0.453,92.975,0.674,116.36000000000001,11.873469387755103
2023-06-14 06:30:00,208.981,0.453,92.08,1.548,116.901,11.928673469387755
2023-06-14 07:00:00,208.746,0.453,92.317,1.656,116.42900000000002,11.880510204081634
2023-06-14 07:30:00,208.451,0.453,90.91,3.049,117.541,11.993979591836736
2023-06-14 08:00:00,208.097,0.453,90.189,5.86,117.90800000000002,12.031428571428572
2023-06-14 08:30:00,207.803,0.453,89.769,9.669,118.03399999999999,12.044285714285714
2023-06-14 09:00:00,207.449,0.453,89.627,11.236,117.82200000000002,12.02265306122449
2023-06-14 09:30:00,207.155,0.453,89.823,11.139,117.33200000000001,11.972653061224491
2023-06-14 10:00:00,206.801,0.453,89.657,11.139,117.14399999999999,11.953469387755101
2023-06-14 10:30:00,206.566,0.453,89.701,11.431,116.86500000000001,11.925
2023-06-14 11:00:00,206.271,0.453,89.596,12.207,116.67499999999998,11.905612244897958
2023-06-14 11:30:00,205.976,0.453,89.587,12.883,116.389,11.876428571428571
2023-06-14 12:00:00,205.682,0.453,89.768,10.553,115.91399999999999,11.827959183673467
2023-06-14 12:30:00,205.448,0.563,89.704,11.528,115.74400000000001,11.81061224489796
2023-06-14 13:00:00,205.094,0.563,89.556,12.013,115.538,11.789591836734694
2023-06-14 13:30:00,204.918,0.563,89.529,12.207,115.38900000000001,11.774387755102042
2023-06-14 14:00:00,204.741,0.563,89.403,12.401,115.33800000000001,11.769183673469389
2023-06-14 14:30:00,204.564,0.563,89.361,13.076,115.20299999999999,11.755408163265304
2023-06-14 15:00:00,204.269,0.563,89.438,13.365,114.831,11.717448979591836
2023-06-14 15:30:00,204.21,0.563,89.399,14.134,114.811,11.715408163265305
2023-06-14 16:00:00,204.034,0.563,89.344,15.378,114.69,11.703061224489796
2023-06-14 16:30:00,203.798,0.563,89.3,16.046,114.498,11.683469387755101
2023-06-14 17:00:00,203.621,0.563,89.386,14.709,114.23500000000001,11.656632653061227
2023-06-14 17:30:00,203.444,0.563,89.327,14.9,114.11699999999999,11.644591836734692
2023-06-14 18:00:00,203.327,0.563,89.453,14.709,113.874,11.619795918367346
2023-06-14 18:30:00,203.15,0.563,89.413,14.517,113.73700000000001,11.605816326530613
2023-06-14 19:00:00,202.914,0.563,89.107,15.282,113.80699999999999,11.612959183673468
2023-06-14 19:30:00,202.561,0.563,89.443,14.421,113.11800000000001,11.542653061224492
2023-06-14 20:00:00,202.384,0.563,89.422,13.846,112.96199999999999,11.52673469387755
2023-06-14 20:30:00,202.089,0.563,89.596,12.207,112.493,11.478877551020409
2023-06-14 21:00:00,201.736,0.563,89.801,11.431,111.93499999999999,11.421938775510203
2023-06-14 21:30:00,201.382,0.563,90.161,9.472,111.221,11.34908163265306
2023-06-14 22:00:00,201.087,0.563,90.268,8.779,110.81899999999999,11.308061224489794
2023-06-14 22:30:00,200.557,0.563,90.526,7.682,110.03099999999999,11.227653061224489
2023-06-14 23:00:00,200.261,0.453,90.853,6.674,109.408,11.164081632653062
2023-06-14 23:30:00,199.789,0.453,91.063,6.064,108.72599999999998,11.094489795918365
2023-06-15 00:00:00,199.259,0.453,91.105,5.45,108.15399999999998,11.03612244897959
2023-06-15 00:30:00,198.728,0.453,91.472,4.623,107.25600000000001,10.944489795918368
2023-06-15 01:00:00,198.198,0.453,91.613,3.998,106.58500000000001,10.876020408163267
2023-06-15 01:30:00,197.55,0.453,91.883,3.261,105.66700000000002,10.782346938775511
2023-06-15 02:00:00,197.078,0.453,91.671,2.943,105.407,10.755816326530612
2023-06-15 02:30:00,196.371,0.453,92.492,1.872,103.879,10.599897959183673
2023-06-15 03:00:00,195.84,0.453,92.246,1.548,103.59400000000001,10.570816326530613
2023-06-15 03:30:00,195.133,0.453,91.823,1.764,103.31000000000002,10.541836734693879
2023-06-15 04:00:00,194.426,0.453,92.623,1.003,101.80299999999998,10.388061224489794
2023-06-15 04:30:00,193.719,0.453,92.776,0.674,100.943,10.30030612244898
2023-06-15 05:00:00,192.952,0.453,92.439,0.563,100.513,10.256428571428572
2023-06-15 05:30:00,192.186,0.453,92.596,0.343,99.59,10.162244897959184
2023-06-15 06:00:00,191.538,0.453,92.41,0.674,99.12800000000001,10.115102040816328
2023-06-15 06:30:00,190.712,0.453,90.967,1.98,99.74499999999999,10.178061224489795
2023-06-15 07:00:00,189.887,0.453,90.989,2.517,98.898,10.091632653061225
2023-06-15 07:30:00,189.121,0.453,89.763,4.311,99.358,10.138571428571428
2023-06-15 08:00:00,188.296,0.453,89.144,6.37,99.15199999999999,10.117551020408161
2023-06-15 08:30:00,187.411,0.453,89.195,9.472,98.21600000000001,10.022040816326532
2023-06-15 09:00:00,186.527,0.453,88.85,10.944,97.67699999999999,9.967040816326529
2023-06-15 09:30:00,185.584,0.453,88.827,11.236,96.757,9.873163265306122
2023-06-15 10:00:00,184.64,0.453,88.91,12.594,95.72999999999999,9.768367346938774
2023-06-15 10:30:00,183.697,0.453,89.25,10.944,94.447,9.637448979591836
2023-06-15 11:00:00,182.755,0.563,88.71,12.594,94.045,9.596428571428572
2023-06-15 11:30:00,181.812,0.563,88.886,11.916,92.92600000000002,9.482244897959186
2023-06-15 12:00:00,180.927,0.563,88.925,10.259,92.002,9.38795918367347
2023-06-15 12:30:00,179.984,0.563,88.631,11.334,91.35300000000001,9.321734693877552
2023-06-15 13:00:00,179.041,0.674,89.102,10.553,89.939,9.177448979591837
2023-06-15 13:30:00,178.097,0.563,88.415,13.654,89.682,9.151224489795919
2023-06-15 14:00:00,177.153,0.563,88.305,13.365,88.84799999999998,9.06612244897959
2023-06-15 14:30:00,176.21,0.563,88.53,12.207,87.68,8.946938775510205
2023-06-15 15:00:00,175.148,0.563,88.549,11.819,86.59899999999999,8.836632653061223
2023-06-15 15:30:00,174.203,0.453,88.691,11.139,85.512,8.725714285714286
2023-06-15 16:00:00,173.379,0.563,88.795,10.357,84.58399999999999,8.631020408163264
2023-06-15 16:30:00,172.376,0.563,88.977,9.866,83.399,8.510102040816326
2023-06-15 17:00:00,171.137,0.563,88.895,9.472,82.242,8.392040816326531
2023-06-15 17:30:00,170.016,0.453,88.98,9.077,81.03599999999999,8.268979591836732
2023-06-15 18:00:00,168.836,0.453,89.05,8.282,79.78600000000002,8.141428571428573
2023-06-15 18:30:00,167.597,0.453,89.341,7.179,78.25600000000001,7.985306122448981
2023-06-15 19:00:00,166.3,0.453,89.502,6.166,76.79800000000002,7.8365306122449
2023-06-15 19:30:00,165.002,0.453,89.612,5.552,75.39000000000001,7.692857142857144
2023-06-15 20:00:00,163.881,0.453,89.158,5.86,74.723,7.624795918367347
2023-06-15 20:30:00,162.524,0.453,90.208,3.788,72.316,7.379183673469388
2023-06-15 21:00:00,161.108,0.453,90.1,3.578,71.00800000000001,7.245714285714287
2023-06-15 21:30:00,159.574,0.453,89.992,3.367,69.58200000000001,7.100204081632654
2023-06-15 22:00:00,158.217,0.453,89.859,3.367,68.35800000000002,6.975306122448981
2023-06-15 22:30:00,156.801,0.453,89.696,3.472,67.10499999999999,6.847448979591835
2023-06-15 23:00:00,155.149,0.453,89.746,3.049,65.403,6.6737755102040826
2023-06-15 23:30:00,153.437,0.453,89.738,2.837,63.69900000000001,6.4998979591836745
2023-06-16 00:00:00,151.608,0.453,89.659,2.517,61.949,6.321326530612245
2023-06-16 00:30:00,150.132,0.343,89.654,2.41,60.47800000000001,6.171224489795919
2023-06-16 01:00:00,148.185,0.453,89.554,2.41,58.631,5.982755102040817
2023-06-16 01:30:00,146.355,0.453,89.608,2.088,56.746999999999986,5.790510204081631
2023-06-16 02:00:00,144.289,0.453,89.413,2.195,54.87599999999999,5.599591836734693
2023-06-16 02:30:00,143.226,0.343,89.442,2.088,53.784000000000006,5.488163265306123
2023-06-16 03:00:00,140.925,0.453,89.438,1.98,51.48700000000001,5.253775510204083
2023-06-16 03:30:00,138.74,0.453,89.549,1.439,49.191,5.019489795918368
2023-06-16 04:00:00,136.32,0.453,89.573,1.221,46.747,4.770102040816327
2023-06-16 04:30:00,134.017,0.453,89.411,1.33,44.605999999999995,4.551632653061223
2023-06-16 05:00:00,131.537,0.453,89.411,1.33,42.126000000000005,4.298571428571429
2023-06-16 05:30:00,128.762,0.453,89.474,1.221,39.288,4.008979591836734
2023-06-16 06:00:00,125.986,0.343,89.245,1.33,36.741,3.7490816326530614
2023-06-16 06:30:00,123.505,0.343,89.101,1.872,34.403999999999996,3.5106122448979593
2023-06-16 07:00:00,120.493,0.453,88.582,3.049,31.911,3.2562244897959185
2023-06-16 07:30:00,117.421,0.453,88.179,3.788,29.242000000000004,2.9838775510204085
2023-06-16 08:00:00,114.645,0.343,87.883,6.471,26.762,2.7308163265306122
2023-06-16 08:30:00,111.927,0.453,87.814,9.965,24.113000000000014,2.460510204081634
2023-06-16 09:00:00,108.264,0.232,88.076,7.179,20.188000000000002,2.0600000000000005
2023-06-16 09:30:00,105.014,0.232,88.337,8.779,16.676999999999992,1.7017346938775504
2023-06-16 10:00:00,101.231,0.343,87.787,11.041,13.443999999999988,1.3718367346938765
2023-06-16 10:30:00,97.803,0.453,88.081,9.965,9.721999999999994,0.9920408163265301
2023-06-16 11:00:00,94.257,0.343,87.833,9.571,6.424000000000007,0.6555102040816333
2023-06-16 11:30:00,90.71,0.343,87.751,10.063,2.958999999999989,0.301938775510203
2023-06-16 12:00:00,88.461,0.893,88.274,8.879,0.1869999999999976,0.01908163265306098
2023-06-16 12:30:00,88.51,3.261,87.772,11.528,0.7379999999999995,0.07530612244897955
2023-06-16 13:00:00,88.506,4.207,87.717,10.944,0.7890000000000015,0.0805102040816328
2023-06-16 13:30:00,88.502,4.934,87.672,11.528,0.8299999999999983,0.08469387755102023
2023-06-16 14:00:00,88.615,5.962,87.726,12.11,0.8889999999999958,0.09071428571428529
2023-06-16 14:30:00,88.606,7.381,87.9,12.304,0.7059999999999889,0.07204081632652948
2023-06-16 15:00:00,88.618,13.846,87.631,13.173,0.9869999999999948,0.10071428571428519
2023-06-16 15:30:00,88.701,10.846,87.631,13.173,1.0699999999999932,0.10918367346938707
2023-06-16 16:00:00,88.69,12.304,88.175,11.625,0.5150000000000006,0.052551020408163326
2023-06-16 16:30:00,88.737,13.846,88.021,12.883,0.715999999999994,0.07306122448979531
2023-06-16 17:00:00,88.76,10.944,88.191,11.139,0.5690000000000026,0.058061224489796184
2023-06-16 17:30:00,88.711,9.571,88.355,10.161,0.35599999999999454,0.03632653061224434
2023-06-16 18:00:00,88.764,10.455,87.916,11.819,0.847999999999999,0.08653061224489786
2023-06-16 18:30:00,88.761,10.846,87.949,11.819,0.8119999999999976,0.08285714285714262
2023-06-16 19:00:00,88.821,10.748,87.787,12.883,1.0339999999999918,0.10551020408163182
2023-06-16 19:30:00,88.83,9.373,88.04,12.497,0.789999999999992,0.08061224489795837
2023-06-16 20:00:00,88.835,8.68,88.354,11.041,0.48099999999999454,0.04908163265306067
2023-06-16 20:30:00,88.902,7.381,88.451,10.063,0.4510000000000076,0.04602040816326608
2023-06-16 21:00:00,88.967,6.471,88.773,9.768,0.19400000000000261,0.019795918367347204
2023-06-16 21:30:00,89.03,5.86,88.999,8.68,0.03100000000000591,0.0031632653061230524
2023-06-16 22:00:00,89.032,5.347,89.08,8.182,-0.04800000000000182,-0.004897959183673655
2023-06-16 22:30:00,89.035,4.831,89.198,7.782,-0.1629999999999967,-0.016632653061224155
2023-06-16 23:00:00,89.097,4.311,89.382,7.381,-0.2850000000000108,-0.029081632653062326
2023-06-16 23:30:00,89.159,3.788,89.555,6.674,-0.3960000000000008,-0.040408163265306205
2023-06-17 00:00:00,89.161,3.261,89.698,6.064,-0.5369999999999919,-0.05479591836734612
2023-06-17 00:30:00,89.222,2.837,89.999,5.244,-0.777000000000001,-0.07928571428571439
2023-06-17 01:00:00,89.223,2.624,90.104,4.519,-0.8810000000000002,-0.08989795918367349
2023-06-17 01:30:00,89.224,2.303,90.0,4.415,-0.7759999999999962,-0.07918367346938737
2023-06-17 02:00:00,89.225,2.088,90.216,3.998,-0.9909999999999997,-0.1011224489795918
2023-06-17 02:30:00,89.286,1.764,90.362,3.472,-1.0759999999999934,-0.10979591836734627
2023-06-17 03:00:00,89.345,1.656,90.503,2.837,-1.1580000000000013,-0.11816326530612259
2023-06-17 03:30:00,89.286,1.548,90.104,2.837,-0.8179999999999978,-0.08346938775510182
2023-06-17 04:00:00,89.287,1.439,89.917,3.155,-0.6299999999999955,-0.06428571428571382
2023-06-17 04:30:00,89.346,1.548,89.667,3.578,-0.32099999999999795,-0.032755102040816116
2023-06-17 05:00:00,89.404,1.656,89.73,3.472,-0.3260000000000076,-0.03326530612244976
2023-06-17 05:30:00,89.404,1.656,89.447,3.893,-0.043000000000006366,-0.004387755102041466
2023-06-17 06:00:00,89.404,1.764,89.48,3.893,-0.07600000000000762,-0.007755102040817104
2023-06-17 06:30:00,89.462,1.98,89.385,3.998,0.07699999999999818,0.007857142857142672
2023-06-17 07:00:00,89.461,2.195,89.33,4.311,0.13100000000000023,0.013367346938775533
2023-06-17 07:30:00,89.52,2.41,89.813,3.893,-0.29300000000000637,-0.02989795918367412
2023-06-17 08:00:00,89.46,2.517,89.334,4.415,0.12599999999999056,0.012857142857141894
2023-06-17 08:30:00,89.575,3.261,89.275,7.179,0.29999999999999716,0.030612244897958895
2023-06-17 09:00:00,89.572,3.998,88.95,7.381,0.6219999999999999,0.06346938775510202
2023-06-17 09:30:00,89.57,4.311,89.216,7.381,0.3539999999999992,0.036122448979591756
2023-06-17 10:00:00,89.57,4.311,89.338,7.079,0.23199999999999932,0.023673469387755032
2023-06-17 10:30:00,89.687,4.519,88.876,8.082,0.8109999999999928,0.0827551020408156
2023-06-17 11:00:00,89.626,5.037,88.743,9.866,0.8830000000000098,0.09010204081632753
2023-06-17 11:30:00,89.624,5.45,88.752,11.916,0.8719999999999999,0.08897959183673468
2023-06-17 12:00:00,89.685,4.934,88.875,11.625,0.8100000000000023,0.08265306122449002
2023-06-17 12:30:00,89.686,4.727,88.786,11.916,0.9000000000000057,0.09183673469387812
2023-06-17 13:00:00,89.627,4.831,88.83,12.207,0.796999999999997,0.0813265306122446
2023-06-17 13:30:00,89.683,5.45,88.751,12.787,0.9320000000000022,0.09510204081632675
2023-06-17 14:00:00,89.736,6.471,88.735,13.269,1.0010000000000048,0.10214285714285763
2023-06-17 14:30:00,89.761,11.722,88.682,13.654,1.0789999999999935,0.11010204081632588
2023-06-17 15:00:00,89.799,20.615,88.733,15.091,1.0660000000000025,0.10877551020408188
2023-06-17 15:30:00,89.835,22.717,88.703,15.187,1.1319999999999908,0.11551020408163172
2023-06-17 16:00:00,89.831,23.004,88.73,16.903,1.100999999999999,0.11234693877551011
2023-06-17 16:30:00,89.846,15.76,89.162,14.038,0.6839999999999975,0.06979591836734668
2023-06-17 17:00:00,89.864,13.75,88.973,14.325,0.8910000000000053,0.09091836734693932
2023-06-17 17:30:00,89.899,16.523,89.203,14.23,0.695999999999998,0.0710204081632651
2023-06-17 18:00:00,89.886,17.855,88.99,15.76,0.8960000000000008,0.09142857142857151
2023-06-17 18:30:00,89.936,18.806,89.209,14.421,0.7270000000000039,0.07418367346938814
2023-06-17 19:00:00,89.977,14.421,89.328,13.076,0.6490000000000009,0.06622448979591845
2023-06-17 19:30:00,89.942,11.334,89.539,10.651,0.4029999999999916,0.04112244897959098
2023-06-17 20:00:00,90.012,9.768,89.924,9.373,0.08799999999999386,0.008979591836734068
2023-06-17 20:30:00,90.018,8.879,89.813,9.077,0.2049999999999983,0.020918367346938603
2023-06-17 21:00:00,90.082,8.082,89.539,9.768,0.5429999999999922,0.05540816326530532
2023-06-17 21:30:00,90.086,7.481,89.698,8.68,0.38800000000000523,0.03959183673469441
2023-06-17 22:00:00,90.086,7.481,89.571,11.528,0.5150000000000006,0.052551020408163326
2023-06-17 22:30:00,90.091,6.573,89.968,8.779,0.12299999999999045,0.012551020408162292
2023-06-17 23:00:00,90.153,5.962,90.407,7.179,-0.2539999999999907,-0.025918367346937823
2023-06-17 23:30:00,90.216,5.244,89.701,7.882,0.5150000000000006,0.052551020408163326
2023-06-18 00:00:00,90.217,5.037,90.321,6.674,-0.1039999999999992,-0.010612244897959103
2023-06-18 00:30:00,90.396,4.831,90.469,7.079,-0.07299999999999329,-0.00744897959183605
2023-06-18 01:00:00,90.397,4.519,90.373,7.179,0.02400000000000091,0.0024489795918368274
2023-06-18 01:30:00,90.457,4.311,90.806,5.45,-0.34900000000000375,-0.03561224489795957
2023-06-18 02:00:00,90.458,4.102,90.639,5.45,-0.18099999999999739,-0.018469387755101773
2023-06-18 02:30:00,90.46,3.683,89.886,7.481,0.5739999999999981,0.05857142857142837
2023-06-18 03:00:00,90.52,3.683,90.358,6.775,0.16199999999999193,0.016530612244897134
2023-06-18 03:30:00,90.462,3.261,90.376,6.37,0.08599999999999852,0.008775510204081481
2023-06-18 04:00:00,90.522,3.049,90.677,5.552,-0.15500000000000114,-0.01581632653061236
2023-06-18 04:30:00,90.464,2.943,90.184,6.573,0.28000000000000114,0.02857142857142869
2023-06-18 05:00:00,90.522,3.155,90.63,6.064,-0.10799999999998988,-0.011020408163264274
2023-06-18 05:30:00,90.581,3.049,90.81,5.552,-0.2289999999999992,-0.02336734693877543
2023-06-18 06:00:00,90.641,3.049,90.379,6.471,0.26200000000000045,0.026734693877551067
2023-06-18 06:30:00,90.64,3.261,90.759,5.962,-0.11899999999999977,-0.01214285714285712
2023-06-18 07:00:00,90.639,3.367,91.251,4.934,-0.612000000000009,-0.06244897959183765
2023-06-18 07:30:00,90.697,3.683,90.768,5.347,-0.07099999999999795,-0.007244897959183465
2023-06-18 08:00:00,90.638,3.578,90.25,6.573,0.38800000000000523,0.03959183673469441
2023-06-18 08:30:00,90.695,4.102,90.137,7.079,0.5579999999999927,0.05693877551020334
2023-06-18 09:00:00,90.693,4.623,90.049,8.282,0.6439999999999912,0.06571428571428482
2023-06-18 09:30:00,90.749,5.141,90.212,8.182,0.5369999999999919,0.05479591836734612
2023-06-18 10:00:00,90.805,5.86,90.072,9.768,0.7330000000000041,0.07479591836734735
2023-06-18 10:30:00,90.743,6.37,89.898,10.455,0.8449999999999989,0.08622448979591825
2023-06-18 11:00:00,90.739,7.079,89.986,11.041,0.7530000000000001,0.07683673469387756
2023-06-18 11:30:00,90.736,7.582,90.057,11.139,0.679000000000002,0.06928571428571449
2023-06-18 12:00:00,90.734,7.882,89.948,11.819,0.7860000000000014,0.0802040816326532
2023-06-18 12:30:00,90.85,8.282,90.003,12.401,0.8469999999999942,0.08642857142857084
2023-06-18 13:00:00,90.792,8.082,89.863,12.207,0.929000000000002,0.09479591836734715
2023-06-18 13:30:00,90.735,7.782,89.78,14.517,0.9549999999999983,0.09744897959183656
2023-06-18 14:00:00,90.795,7.582,89.982,13.654,0.8130000000000024,0.08295918367346963
2023-06-18 14:30:00,90.741,15.091,89.723,14.804,1.0180000000000007,0.10387755102040823
2023-06-18 15:00:00,90.753,20.138,89.627,15.855,1.1260000000000048,0.11489795918367396
2023-06-18 15:30:00,90.759,24.835,89.657,17.665,1.1020000000000039,0.11244897959183713
2023-06-18 16:00:00,90.723,22.908,89.554,17.57,1.168999999999997,0.11928571428571397
2023-06-18 16:30:00,90.635,25.319,89.78,19.282,0.855000000000004,0.08724489795918408
2023-06-18 17:00:00,90.556,26.879,89.793,19.662,0.762999999999991,0.07785714285714194
2023-06-18 17:30:00,90.605,27.665,89.939,20.043,0.666000000000011,0.06795918367347051
2023-06-18 18:00:00,90.546,22.812,89.814,18.331,0.7320000000000135,0.07469387755102179
2023-06-18 18:30:00,90.663,22.908,89.777,18.236,0.8859999999999957,0.09040816326530568
2023-06-18 19:00:00,90.647,18.901,90.334,15.091,0.3130000000000024,0.031938775510204326
2023-06-18 19:30:00,90.68,15.378,90.098,13.173,0.5820000000000078,0.05938775510204162
2023-06-18 20:00:00,90.737,15.569,89.831,15.951,0.9059999999999917,0.09244897959183589
2023-06-18 20:30:00,90.811,13.846,90.097,14.996,0.7140000000000128,0.07285714285714417
2023-06-18 21:00:00,90.827,11.819,90.308,13.461,0.5189999999999912,0.052959183673468496
2023-06-18 21:30:00,90.836,10.455,90.667,11.431,0.16899999999999693,0.01724489795918336
2023-06-18 22:00:00,90.84,9.866,90.727,10.357,0.11299999999999955,0.011530612244897914
2023-06-18 22:30:00,90.789,8.68,90.697,8.68,0.09199999999999875,0.00938775510204069
2023-06-18 23:00:00,90.854,7.682,90.823,8.481,0.03100000000000591,0.0031632653061230524
2023-06-18 23:30:00,90.8,6.775,91.253,6.674,-0.45300000000000296,-0.04622448979591867
2023-06-19 00:00:00,90.922,6.166,90.536,7.079,0.3859999999999957,0.03938775510204037
2023-06-19 00:30:00,90.866,5.552,90.275,8.082,0.590999999999994,0.060306122448978976
2023-06-19 01:00:00,90.984,5.45,90.593,7.682,0.39099999999999113,0.03989795918367257
2023-06-19 01:30:00,90.925,5.45,91.127,6.877,-0.20199999999999818,-0.020612244897958997
2023-06-19 02:00:00,90.869,4.831,90.941,6.37,-0.07200000000000273,-0.007346938775510482
2023-06-19 02:30:00,90.931,4.311,91.775,4.727,-0.8440000000000083,-0.08612244897959269
2023-06-19 03:00:00,90.932,3.998,90.755,5.86,0.1770000000000067,0.018061224489796603
2023-06-19 03:30:00,90.874,3.788,90.534,6.166,0.3399999999999892,0.034693877551019305
2023-06-19 04:00:00,90.814,3.998,90.112,8.182,0.7019999999999982,0.07163265306122431
2023-06-19 04:30:00,90.873,3.998,90.569,7.079,0.30400000000000205,0.031020408163265515
2023-06-19 05:00:00,90.934,3.578,91.568,4.519,-0.6340000000000003,-0.06469387755102045
2023-06-19 05:30:00,90.935,3.472,90.555,5.86,0.37999999999999545,0.03877551020408117
2023-06-19 06:00:00,90.935,3.472,90.742,6.37,0.19299999999999784,0.019693877551020186
2023-06-19 06:30:00,90.935,3.367,91.043,5.552,-0.10800000000000409,-0.011020408163265724
2023-06-19 07:00:00,90.935,3.472,91.234,5.347,-0.2989999999999924,-0.030510204081631877
2023-06-19 07:30:00,90.935,3.367,90.16,7.682,0.7750000000000057,0.0790816326530618
2023-06-19 08:00:00,90.933,3.788,90.282,11.819,0.6510000000000105,0.0664285714285725
2023-06-19 08:30:00,90.873,4.102,89.973,12.497,0.9000000000000057,0.09183673469387812
2023-06-19 09:00:00,90.917,7.079,90.307,12.497,0.6099999999999994,0.062244897959183615
2023-06-19 09:30:00,90.923,5.962,90.108,13.461,0.8149999999999977,0.08316326530612221
2023-06-19 10:00:00,90.805,5.86,90.143,12.594,0.6620000000000061,0.0675510204081639
2023-06-19 10:30:00,90.863,5.962,90.017,12.787,0.8460000000000036,0.08632653061224527
2023-06-19 11:00:00,90.86,6.573,89.869,14.23,0.9909999999999997,0.1011224489795918
2023-06-19 11:30:00,90.86,6.573,89.797,14.996,1.0630000000000024,0.10846938775510227
2023-06-19 12:00:00,90.802,6.471,89.863,14.996,0.9390000000000072,0.09581632653061298
2023-06-19 12:30:00,90.802,6.37,89.817,15.569,0.9850000000000136,0.10051020408163404
2023-06-19 13:00:00,90.802,6.37,89.814,15.473,0.9880000000000138,0.10081632653061365
2023-06-19 13:30:00,90.741,6.775,89.767,16.046,0.9740000000000038,0.0993877551020412
2023-06-19 14:00:00,90.733,8.082,89.917,15.569,0.8160000000000025,0.08326530612244923
2023-06-19 14:30:00,90.788,16.523,90.033,14.134,0.7549999999999955,0.07704081632653015
2023-06-19 15:00:00,90.736,21.664,89.577,17.284,1.159000000000006,0.11826530612244958
2023-06-19 15:30:00,90.705,24.448,89.682,20.329,1.0229999999999961,0.10438775510204042
2023-06-19 16:00:00,90.654,23.677,89.582,20.329,1.0720000000000027,0.1093877551020411
2023-06-19 16:30:00,90.662,17.284,89.75,19.377,0.9120000000000061,0.09306122448979655
2023-06-19 17:00:00,90.632,20.329,89.76,18.711,0.8719999999999999,0.08897959183673468
2023-06-19 17:30:00,90.598,23.388,89.864,18.806,0.7339999999999947,0.07489795918367292
2023-06-19 18:00:00,90.648,18.806,89.871,17.094,0.777000000000001,0.07928571428571439
2023-06-19 18:30:00,90.625,14.804,89.988,16.618,0.6370000000000005,0.06500000000000004
2023-06-19 19:00:00,90.574,13.846,89.901,16.999,0.6730000000000018,0.06867346938775529
2023-06-19 19:30:00,90.519,13.365,89.774,17.189,0.7450000000000045,0.07602040816326577
2023-06-19 20:00:00,90.518,13.461,89.67,18.045,0.847999999999999,0.08653061224489786
2023-06-19 20:30:00,90.519,13.365,89.767,16.999,0.7520000000000095,0.076734693877552
2023-06-19 21:00:00,90.592,11.528,90.051,15.569,0.5409999999999968,0.05520408163265274
2023-06-19 21:30:00,90.602,10.063,90.067,15.091,0.5350000000000108,0.054591836734694976
2023-06-19 22:00:00,90.549,9.077,89.796,14.038,0.7530000000000001,0.07683673469387756
2023-06-19 22:30:00,90.495,8.282,90.006,14.325,0.4890000000000043,0.04989795918367391
2023-06-19 23:00:00,90.5,7.481,90.119,11.916,0.3810000000000002,0.038877551020408185
2023-06-19 23:30:00,90.506,6.471,90.346,9.965,0.1599999999999966,0.01632653061224455
2023-06-20 00:00:00,90.505,6.674,90.149,10.944,0.35599999999999454,0.03632653061224434
2023-06-20 00:30:00,90.561,7.079,89.848,11.819,0.7130000000000081,0.07275510204081714
2023-06-20 01:00:00,90.622,6.775,89.901,11.431,0.7210000000000036,0.07357142857142894
2023-06-20 01:30:00,90.506,6.37,89.979,10.846,0.527000000000001,0.053775510204081736
2023-06-20 02:00:00,90.452,5.45,90.572,9.768,-0.12000000000000455,-0.012244897959184138
2023-06-20 02:30:00,90.508,5.962,90.316,10.063,0.19199999999999307,0.01959183673469317
2023-06-20 03:00:00,90.513,5.037,90.15,9.176,0.36299999999999955,0.037040816326530564
2023-06-20 03:30:00,90.574,4.623,90.49,8.481,0.08400000000000318,0.008571428571428896
2023-06-20 04:00:00,90.515,4.623,90.516,8.282,-0.0010000000000047748,-0.00010204081632701784
2023-06-20 04:30:00,90.457,4.311,90.633,7.882,-0.17600000000000193,-0.017959183673469586
2023-06-20 05:00:00,90.458,4.207,90.481,7.381,-0.022999999999996135,-0.00234693877550981
2023-06-20 05:30:00,90.458,4.102,90.208,8.082,0.25,0.025510204081632654
2023-06-20 06:00:00,90.458,4.207,90.894,6.877,-0.43600000000000705,-0.04448979591836807
2023-06-20 06:30:00,90.399,4.207,90.009,8.082,0.39000000000000057,0.039795918367347
2023-06-20 07:00:00,90.517,4.311,90.179,8.182,0.33799999999999386,0.03448979591836672
2023-06-20 07:30:00,90.398,4.415,89.65,10.063,0.7479999999999905,0.07632653061224393
2023-06-20 08:00:00,90.457,4.519,89.779,10.846,0.6779999999999973,0.06918367346938747
2023-06-20 08:30:00,90.517,4.207,89.59,14.804,0.9269999999999925,0.09459183673469311
2023-06-20 09:00:00,90.503,6.877,89.471,16.141,1.0319999999999965,0.10530612244897922
2023-06-20 09:30:00,90.392,5.655,89.674,16.237,0.7179999999999893,0.07326530612244789
2023-06-20 10:00:00,90.453,5.141,89.754,15.664,0.6989999999999981,0.0713265306122447
2023-06-20 10:30:00,90.453,5.141,89.551,17.475,0.902000000000001,0.09204081632653072
2023-06-20 11:00:00,90.394,5.141,89.57,18.996,0.8240000000000123,0.08408163265306248
2023-06-20 11:30:00,90.334,5.45,89.587,18.521,0.7469999999999999,0.07622448979591835
2023-06-20 12:00:00,90.39,5.962,89.633,18.901,0.757000000000005,0.07724489795918418
2023-06-20 12:30:00,90.326,6.775,89.329,19.758,0.9969999999999999,0.101734693877551
2023-06-20 13:00:00,90.382,7.481,89.5,18.901,0.882000000000005,0.09000000000000051
2023-06-20 13:30:00,90.321,7.682,89.47,18.996,0.8509999999999991,0.08683673469387745
2023-06-20 14:00:00,90.451,14.421,89.647,17.379,0.8039999999999878,0.08204081632652938
2023-06-20 14:30:00,90.387,21.091,89.544,17.284,0.8430000000000035,0.08602040816326567
2023-06-20 15:00:00,90.293,24.158,89.551,17.475,0.7420000000000044,0.07571428571428616
2023-06-20 15:30:00,90.346,24.641,89.179,19.282,1.1670000000000016,0.11908163265306139
2023-06-20 16:00:00,90.342,19.662,89.348,20.329,0.9939999999999998,0.10142857142857141
2023-06-20 16:30:00,90.374,22.238,89.232,19.853,1.141999999999996,0.11653061224489754
2023-06-20 17:00:00,90.277,25.416,89.358,20.615,0.9189999999999969,0.09377551020408131
2023-06-20 17:30:00,90.237,23.869,89.234,20.901,1.0030000000000001,0.10234693877551021
2023-06-20 18:00:00,90.257,22.142,89.339,19.092,0.9180000000000064,0.09367346938775575
2023-06-20 18:30:00,90.264,21.473,89.519,19.472,0.7449999999999903,0.07602040816326432
2023-06-20 19:00:00,90.174,18.711,89.387,18.521,0.7870000000000061,0.08030612244898022
2023-06-20 19:30:00,90.308,17.094,89.454,16.618,0.8540000000000134,0.0871428571428585
2023-06-20 20:00:00,90.184,17.665,89.481,17.379,0.703000000000003,0.07173469387755133
2023-06-20 20:30:00,90.321,15.664,89.397,16.903,0.9239999999999924,0.09428571428571351
2023-06-20 21:00:00,90.334,14.23,89.771,16.141,0.5630000000000024,0.05744897959183698
2023-06-20 21:30:00,90.228,12.594,89.577,16.332,0.6509999999999962,0.06642857142857105
2023-06-20 22:00:00,90.355,11.528,89.87,15.187,0.48499999999999943,0.04948979591836729
2023-06-20 22:30:00,90.363,10.357,90.015,13.654,0.347999999999999,0.03551020408163255
2023-06-20 23:00:00,90.369,9.571,89.965,13.173,0.40399999999999636,0.041224489795917994
2023-06-20 23:30:00,90.318,8.282,89.67,12.401,0.6479999999999961,0.06612244897959144
2023-06-21 00:00:00,90.322,7.582,89.673,12.497,0.6490000000000009,0.06622448979591845
2023-06-21 00:30:00,90.321,7.782,90.078,11.722,0.242999999999995,0.024795918367346428
2023-06-21 01:00:00,90.323,7.381,90.268,10.553,0.05499999999999261,0.00561224489795843
2023-06-21 01:30:00,90.326,6.877,90.075,10.748,0.25099999999999056,0.02561224489795822
2023-06-21 02:00:00,90.27,6.268,90.413,9.965,-0.14300000000000068,-0.014591836734693947
2023-06-21 02:30:00,90.273,5.655,90.105,8.879,0.16799999999999216,0.017142857142856342
2023-06-21 03:00:00,90.334,5.347,89.728,9.472,0.6060000000000088,0.061836734693878445
2023-06-21 03:30:00,90.33,6.166,89.817,10.063,0.5130000000000052,0.052346938775510735
2023-06-21 04:00:00,90.333,5.655,90.072,8.879,0.2609999999999957,0.02663265306122405
2023-06-21 04:30:00,90.274,5.45,90.9,6.166,-0.6260000000000048,-0.06387755102040865
2023-06-21 05:00:00,90.275,5.244,90.417,6.573,-0.1419999999999959,-0.01448979591836693
2023-06-21 05:30:00,90.335,5.141,90.822,5.86,-0.487000000000009,-0.04969387755102132
2023-06-21 06:00:00,90.336,5.037,90.822,5.86,-0.4860000000000042,-0.049591836734694306
2023-06-21 06:30:00,90.394,5.141,90.622,5.86,-0.22799999999999443,-0.023265306122448412
2023-06-21 07:00:00,90.394,5.244,90.309,6.37,0.08500000000000796,0.008673469387755914
2023-06-21 07:30:00,90.334,5.45,90.058,6.775,0.27599999999999625,0.028163265306122065
2023-06-21 08:00:00,90.274,5.552,90.475,6.37,-0.2009999999999934,-0.02051020408163198
2023-06-21 08:30:00,90.33,6.166,89.897,7.782,0.4329999999999927,0.044183673469387015
2023-06-21 09:00:00,90.327,6.674,89.683,8.282,0.6439999999999912,0.06571428571428482
2023-06-21 09:30:00,90.324,7.28,89.547,9.965,0.777000000000001,0.07928571428571439
2023-06-21 10:00:00,90.322,7.481,89.605,10.651,0.7169999999999987,0.07316326530612233
2023-06-21 10:30:00,90.316,8.581,89.475,13.461,0.8410000000000082,0.08581632653061308
2023-06-21 11:00:00,90.373,8.879,89.628,13.076,0.7450000000000045,0.07602040816326577
2023-06-21 11:30:00,90.314,8.879,89.537,15.187,0.7769999999999868,0.07928571428571295
2023-06-21 12:00:00,90.365,10.063,89.687,16.618,0.6779999999999973,0.06918367346938747
2023-06-21 12:30:00,90.353,11.819,89.544,17.284,0.8089999999999975,0.082551020408163
2023-06-21 13:00:00,90.353,11.819,89.75,15.569,0.6029999999999944,0.06153061224489739
2023-06-21 13:30:00,90.294,11.722,89.547,15.473,0.7469999999999999,0.07622448979591835
2023-06-21 14:00:00,90.388,20.996,89.544,16.332,0.8440000000000083,0.08612244897959269
2023-06-21 14:30:00,90.359,23.581,89.407,16.237,0.9519999999999982,0.09714285714285696
2023-06-21 15:00:00,90.319,21.855,89.347,16.427,0.9720000000000084,0.09918367346938861
2023-06-21 15:30:00,90.248,22.908,89.22,18.521,1.0280000000000058,0.10489795918367407
2023-06-21 16:00:00,90.268,26.195,89.162,19.758,1.1059999999999945,0.1128571428571423
2023-06-21 16:30:00,90.233,24.158,89.48,18.331,0.7530000000000001,0.07683673469387756
2023-06-21 17:00:00,90.157,20.424,89.336,18.996,0.820999999999998,0.08377551020408143
2023-06-21 17:30:00,90.236,18.426,89.162,19.758,1.073999999999998,0.10959183673469369
2023-06-21 18:00:00,90.228,19.282,89.192,19.662,1.0360000000000014,0.10571428571428586
2023-06-21 18:30:00,90.213,20.71,89.194,20.71,1.0189999999999912,0.1039795918367338
2023-06-21 19:00:00,90.231,18.996,89.597,18.806,0.6340000000000003,0.06469387755102045
2023-06-21 19:30:00,90.257,16.237,89.587,16.618,0.6700000000000017,0.06836734693877568
2023-06-21 20:00:00,90.199,16.046,89.356,18.616,0.8430000000000035,0.08602040816326567
2023-06-21 20:30:00,90.213,14.517,89.551,17.475,0.6619999999999919,0.06755102040816244
2023-06-21 21:00:00,90.157,14.134,89.644,16.332,0.512999999999991,0.052346938775509284
2023-06-21 21:30:00,90.225,13.076,89.654,15.664,0.570999999999998,0.05826530612244877
2023-06-21 22:00:00,90.231,12.304,89.723,14.804,0.5079999999999956,0.0518367346938771
2023-06-21 22:30:00,90.235,11.722,89.819,13.75,0.4159999999999968,0.04244897959183641
2023-06-21 23:00:00,90.239,11.139,89.689,13.846,0.5500000000000114,0.056122448979592995
2023-06-21 23:30:00,90.185,10.455,89.854,12.883,0.33100000000000307,0.03377551020408195
2023-06-22 00:00:00,90.188,9.965,89.926,12.11,0.26200000000000045,0.026734693877551067
2023-06-22 00:30:00,90.192,9.472,89.938,11.528,0.2539999999999907,0.025918367346937823
2023-06-22 01:00:00,90.195,8.879,89.957,11.139,0.23799999999999955,0.02428571428571424
2023-06-22 01:30:00,90.255,8.779,90.02,11.041,0.23499999999999943,0.023979591836734634
2023-06-22 02:00:00,90.257,8.481,90.075,10.748,0.18200000000000216,0.01857142857142879
2023-06-22 02:30:00,90.26,8.082,90.072,10.651,0.1880000000000024,0.019183673469388
2023-06-22 03:00:00,90.263,7.481,90.235,9.669,0.028000000000005798,0.0028571428571434487
2023-06-22 03:30:00,90.264,7.28,90.168,9.669,0.09599999999998943,0.00979591836734586
2023-06-22 04:00:00,90.267,6.877,90.497,8.68,-0.23000000000000398,-0.023469387755102447
2023-06-22 04:30:00,90.211,6.268,90.783,6.573,-0.5720000000000027,-0.05836734693877579
2023-06-22 05:00:00,90.272,5.86,90.675,6.37,-0.4029999999999916,-0.04112244897959098
2023-06-22 05:30:00,90.334,5.45,90.023,7.582,0.31100000000000705,0.03173469387755174
2023-06-22 06:00:00,90.275,5.347,90.432,6.978,-0.15699999999999648,-0.016020408163264947
2023-06-22 06:30:00,90.275,5.347,90.571,6.268,-0.29599999999999227,-0.03020408163265227
2023-06-22 07:00:00,90.274,5.45,90.037,7.079,0.23699999999999477,0.024183673469387223
2023-06-22 07:30:00,90.214,5.655,90.052,7.481,0.16199999999999193,0.016530612244897134
2023-06-22 08:00:00,90.331,5.86,89.509,10.748,0.8220000000000027,0.08387755102040845
2023-06-22 08:30:00,90.211,6.268,89.39,14.804,0.820999999999998,0.08377551020408143
2023-06-22 09:00:00,90.321,7.682,89.575,13.461,0.7459999999999951,0.07612244897959133
2023-06-22 09:30:00,90.314,8.779,89.551,12.787,0.762999999999991,0.07785714285714194
2023-06-22 10:00:00,90.319,8.082,89.47,15.187,0.8490000000000038,0.08663265306122488
2023-06-22 10:30:00,90.325,7.079,89.407,16.237,0.9180000000000064,0.09367346938775575
2023-06-22 11:00:00,90.326,6.775,89.551,17.475,0.7749999999999915,0.07908163265306035
2023-06-22 11:30:00,90.267,6.877,89.49,17.665,0.777000000000001,0.07928571428571439
2023-06-22 12:00:00,90.325,7.079,89.464,17.855,0.8610000000000042,0.08785714285714329
2023-06-22 12:30:00,90.266,7.079,89.443,18.236,0.8230000000000075,0.08397959183673546
2023-06-22 13:00:00,90.205,7.381,89.362,19.758,0.8430000000000035,0.08602040816326567
2023-06-22 13:30:00,90.322,15.569,89.557,16.713,0.7650000000000006,0.07806122448979598
2023-06-22 14:00:00,90.378,21.855,89.554,16.618,0.8239999999999981,0.08408163265306103
2023-06-22 14:30:00,90.25,22.717,89.494,15.855,0.7560000000000002,0.07714285714285717
2023-06-22 15:00:00,90.248,22.908,89.551,16.523,0.6970000000000027,0.07112244897959212
2023-06-22 15:30:00,90.159,25.416,89.269,18.996,0.8900000000000006,0.0908163265306123
2023-06-22 16:00:00,90.035,25.805,89.386,19.472,0.6490000000000009,0.06622448979591845
2023-06-22 16:30:00,90.173,24.255,89.451,20.424,0.7220000000000084,0.07367346938775596
2023-06-22 17:00:00,90.111,24.448,89.3,20.901,0.811000000000007,0.08275510204081704
2023-06-22 17:30:00,90.118,23.869,89.186,21.473,0.931999999999988,0.0951020408163253
2023-06-22 18:00:00,90.006,23.292,89.173,21.091,0.8329999999999984,0.08499999999999984
2023-06-22 18:30:00,90.073,22.621,89.254,20.519,0.8189999999999884,0.0835714285714274
2023-06-22 19:00:00,90.086,21.473,89.176,21.187,0.9099999999999966,0.09285714285714251
2023-06-22 19:30:00,89.923,20.043,89.265,19.853,0.6580000000000013,0.06714285714285727
2023-06-22 20:00:00,90.0,18.331,89.212,19.282,0.7879999999999967,0.08040816326530578
2023-06-22 20:30:00,90.062,18.045,89.557,17.665,0.5049999999999955,0.051530612244897495
2023-06-22 21:00:00,90.144,15.569,89.744,15.378,0.4000000000000057,0.040816326530612825
2023-06-22 21:30:00,90.111,12.497,89.668,13.269,0.44299999999999784,0.04520408163265284
2023-06-22 22:00:00,90.121,11.139,89.959,12.11,0.16199999999999193,0.016530612244897134
2023-06-22 22:30:00,90.127,10.259,90.109,10.748,0.018000000000000682,0.0018367346938776205
2023-06-22 23:00:00,90.133,9.373,89.661,10.357,0.4719999999999942,0.04816326530612186
2023-06-22 23:30:00,90.137,8.779,90.091,10.259,0.04600000000000648,0.004693877551021069
