"Date Time, GMT-07:00","Abs Pres, kPa (LGR S/N: 20095431, SEN S/N: 20095431)","Temp, °C (LGR S/N: 20095431, SEN S/N: 20095431)"
05/30/23 10:00:00  AM,91.157,21.187
05/30/23 10:30:00  AM,91.117,19.282
05/30/23 11:00:00  AM,91.163,14.23
05/30/23 11:30:00  AM,91.061,12.11
05/30/23 12:00:00  PM,91.002,12.11
05/30/23 12:30:00  PM,90.994,13.173
05/30/23 01:00:00  PM,90.993,13.269
05/30/23 01:30:00  PM,90.995,13.076
05/30/23 02:00:00  PM,90.973,15.664
05/30/23 02:30:00  PM,90.947,18.521
05/30/23 03:00:00  PM,90.903,16.903
05/30/23 03:30:00  PM,90.913,15.76
05/30/23 04:00:00  PM,90.918,15.187
05/30/23 04:30:00  PM,90.975,15.473
05/30/23 05:00:00  PM,90.97,16.046
05/30/23 05:30:00  PM,90.908,16.332
05/30/23 06:00:00  PM,90.906,16.618
05/30/23 06:30:00  PM,90.9,17.189
05/30/23 07:00:00  PM,90.894,17.855
05/30/23 07:30:00  PM,90.946,18.616
05/30/23 08:00:00  PM,90.877,19.567
05/30/23 08:30:00  PM,90.869,20.329
05/30/23 09:00:00  PM,90.923,20.901
05/30/23 09:30:00  PM,90.92,21.187
05/30/23 10:00:00  PM,90.98,21.091
05/30/23 10:30:00  PM,91.043,20.71
05/30/23 11:00:00  PM,90.992,19.948
05/30/23 11:30:00  PM,91.062,18.901
05/31/23 12:00:00  AM,91.133,17.665
05/31/23 12:30:00  AM,91.144,16.523
05/31/23 01:00:00  AM,91.095,15.282
05/31/23 01:30:00  AM,91.165,14.038
05/31/23 02:00:00  AM,91.233,12.883
05/31/23 02:30:00  AM,91.123,11.722
05/31/23 03:00:00  AM,91.132,10.553
05/31/23 03:30:00  AM,91.198,9.472
05/31/23 04:00:00  AM,91.204,8.481
05/31/23 04:30:00  AM,91.21,7.582
05/31/23 05:00:00  AM,91.156,6.573
05/31/23 05:30:00  AM,91.101,5.757
05/31/23 06:00:00  AM,91.224,4.934
05/31/23 06:30:00  AM,91.168,4.207
05/31/23 07:00:00  AM,91.171,3.578
05/31/23 07:30:00  AM,91.113,3.155
05/31/23 08:00:00  AM,91.173,3.049
05/31/23 08:30:00  AM,91.231,3.367
05/31/23 09:00:00  AM,89.275,4.207
05/31/23 09:30:00  AM,84.191,3.472
05/31/23 10:00:00  AM,84.253,2.943
05/31/23 10:30:00  AM,84.252,3.049
05/31/23 11:00:00  AM,84.192,3.155
05/31/23 11:30:00  AM,84.251,3.367
05/31/23 12:00:00  PM,84.249,3.683
05/31/23 12:30:00  PM,88.131,7.682
05/31/23 01:00:00  PM,88.978,13.365
05/31/23 01:30:00  PM,89.229,18.331
05/31/23 02:00:00  PM,141.882,3.155
05/31/23 02:30:00  PM,140.397,1.221
05/31/23 03:00:00  PM,140.574,1.221
05/31/23 03:30:00  PM,140.929,1.221
05/31/23 04:00:00  PM,141.106,1.221
05/31/23 04:30:00  PM,141.401,1.221
05/31/23 05:00:00  PM,141.696,1.221
05/31/23 05:30:00  PM,141.991,1.221
05/31/23 06:00:00  PM,142.286,1.221
05/31/23 06:30:00  PM,142.523,1.221
05/31/23 07:00:00  PM,142.818,1.221
05/31/23 07:30:00  PM,142.994,1.112
05/31/23 08:00:00  PM,143.289,1.112
05/31/23 08:30:00  PM,143.526,1.112
05/31/23 09:00:00  PM,143.703,1.112
05/31/23 09:30:00  PM,143.88,1.112
05/31/23 10:00:00  PM,144.056,1.003
05/31/23 10:30:00  PM,144.175,1.112
05/31/23 11:00:00  PM,144.352,1.112
05/31/23 11:30:00  PM,144.529,1.112
06/01/23 12:00:00  AM,144.706,1.112
06/01/23 12:30:00  AM,144.824,1.112
06/01/23 01:00:00  AM,144.883,1.112
06/01/23 01:30:00  AM,145.001,1.112
06/01/23 02:00:00  AM,145.12,1.221
06/01/23 02:30:00  AM,145.238,1.112
06/01/23 03:00:00  AM,145.297,1.221
06/01/23 03:30:00  AM,145.356,1.221
06/01/23 04:00:00  AM,145.533,1.221
06/01/23 04:30:00  AM,145.592,1.221
06/01/23 05:00:00  AM,145.651,1.221
06/01/23 05:30:00  AM,145.829,1.221
06/01/23 06:00:00  AM,145.769,1.112
06/01/23 06:30:00  AM,145.887,1.112
06/01/23 07:00:00  AM,146.005,1.112
06/01/23 07:30:00  AM,146.123,1.112
06/01/23 08:00:00  AM,146.123,1.112
06/01/23 08:30:00  AM,146.123,1.112
06/01/23 09:00:00  AM,146.241,1.112
06/01/23 09:30:00  AM,146.3,1.112
06/01/23 10:00:00  AM,146.3,1.112
06/01/23 10:30:00  AM,146.418,1.112
06/01/23 11:00:00  AM,146.478,1.221
06/01/23 11:30:00  AM,146.655,1.221
06/01/23 12:00:00  PM,146.833,1.33
06/01/23 12:30:00  PM,146.892,1.33
06/01/23 01:00:00  PM,147.128,1.33
06/01/23 01:30:00  PM,147.364,1.33
06/01/23 02:00:00  PM,147.6,1.33
06/01/23 02:30:00  PM,147.777,1.33
06/01/23 03:00:00  PM,148.072,1.33
06/01/23 03:30:00  PM,148.368,1.33
06/01/23 04:00:00  PM,148.722,1.439
06/01/23 04:30:00  PM,149.018,1.439
06/01/23 05:00:00  PM,149.312,1.33
06/01/23 05:30:00  PM,149.608,1.439
06/01/23 06:00:00  PM,149.961,1.33
06/01/23 06:30:00  PM,150.197,1.33
06/01/23 07:00:00  PM,150.493,1.439
06/01/23 07:30:00  PM,150.788,1.439
06/01/23 08:00:00  PM,151.083,1.439
06/01/23 08:30:00  PM,151.32,1.439
06/01/23 09:00:00  PM,151.615,1.548
06/01/23 09:30:00  PM,151.851,1.439
06/01/23 10:00:00  PM,152.028,1.439
06/01/23 10:30:00  PM,152.264,1.439
06/01/23 11:00:00  PM,152.382,1.439
06/01/23 11:30:00  PM,152.677,1.439
06/02/23 12:00:00  AM,152.854,1.439
06/02/23 12:30:00  AM,153.031,1.33
06/02/23 01:00:00  AM,153.149,1.33
06/02/23 01:30:00  AM,153.326,1.33
06/02/23 02:00:00  AM,153.385,1.33
06/02/23 02:30:00  AM,153.503,1.33
06/02/23 03:00:00  AM,153.621,1.33
06/02/23 03:30:00  AM,153.74,1.439
06/02/23 04:00:00  AM,153.799,1.439
06/02/23 04:30:00  AM,154.035,1.439
06/02/23 05:00:00  AM,154.153,1.439
06/02/23 05:30:00  AM,154.211,1.33
06/02/23 06:00:00  AM,154.27,1.33
06/02/23 06:30:00  AM,154.388,1.33
06/02/23 07:00:00  AM,154.388,1.33
06/02/23 07:30:00  AM,154.505,1.221
06/02/23 08:00:00  AM,154.506,1.33
06/02/23 08:30:00  AM,154.624,1.33
06/02/23 09:00:00  AM,154.683,1.33
06/02/23 09:30:00  AM,154.801,1.33
06/02/23 10:00:00  AM,154.86,1.33
06/02/23 10:30:00  AM,155.037,1.33
06/02/23 11:00:00  AM,155.096,1.33
06/02/23 11:30:00  AM,155.274,1.439
06/02/23 12:00:00  PM,155.451,1.439
06/02/23 12:30:00  PM,155.628,1.439
06/02/23 01:00:00  PM,155.688,1.548
06/02/23 01:30:00  PM,155.923,1.439
06/02/23 02:00:00  PM,156.159,1.439
06/02/23 02:30:00  PM,156.395,1.439
06/02/23 03:00:00  PM,156.631,1.33
06/02/23 03:30:00  PM,156.927,1.439
06/02/23 04:00:00  PM,157.222,1.439
06/02/23 04:30:00  PM,157.576,1.439
06/02/23 05:00:00  PM,157.93,1.439
06/02/23 05:30:00  PM,158.284,1.439
06/02/23 06:00:00  PM,158.52,1.439
06/02/23 06:30:00  PM,158.874,1.439
06/02/23 07:00:00  PM,159.228,1.439
06/02/23 07:30:00  PM,159.463,1.33
06/02/23 08:00:00  PM,159.699,1.33
06/02/23 08:30:00  PM,160.054,1.439
06/02/23 09:00:00  PM,160.348,1.33
06/02/23 09:30:00  PM,160.525,1.33
06/02/23 10:00:00  PM,160.82,1.33
06/02/23 10:30:00  PM,160.938,1.33
06/02/23 11:00:00  PM,161.174,1.33
06/02/23 11:30:00  PM,161.292,1.33
06/03/23 12:00:00  AM,161.411,1.33
06/03/23 12:30:00  AM,161.588,1.33
06/03/23 01:00:00  AM,161.765,1.33
06/03/23 01:30:00  AM,161.942,1.33
06/03/23 02:00:00  AM,162,1.221
06/03/23 02:30:00  AM,162.177,1.221
06/03/23 03:00:00  AM,162.295,1.221
06/03/23 03:30:00  AM,162.413,1.221
06/03/23 04:00:00  AM,162.472,1.221
06/03/23 04:30:00  AM,162.708,1.221
06/03/23 05:00:00  AM,162.649,1.221
06/03/23 05:30:00  AM,162.885,1.221
06/03/23 06:00:00  AM,162.886,1.33
06/03/23 06:30:00  AM,163.004,1.33
06/03/23 07:00:00  AM,163.004,1.33
06/03/23 07:30:00  AM,163.063,1.33
06/03/23 08:00:00  AM,163.122,1.33
06/03/23 08:30:00  AM,163.181,1.33
06/03/23 09:00:00  AM,163.122,1.33
06/03/23 09:30:00  AM,163.358,1.33
06/03/23 10:00:00  AM,163.83,1.33
06/03/23 10:30:00  AM,164.184,1.33
06/03/23 11:00:00  AM,164.479,1.33
06/03/23 11:30:00  AM,164.833,1.33
06/03/23 12:00:00  PM,165.07,1.439
06/03/23 12:30:00  PM,165.365,1.439
06/03/23 01:00:00  PM,165.66,1.439
06/03/23 01:30:00  PM,165.955,1.439
06/03/23 02:00:00  PM,166.309,1.439
06/03/23 02:30:00  PM,166.604,1.439
06/03/23 03:00:00  PM,166.899,1.439
06/03/23 03:30:00  PM,167.194,1.439
06/03/23 04:00:00  PM,167.548,1.439
06/03/23 04:30:00  PM,167.843,1.439
06/03/23 05:00:00  PM,168.08,1.548
06/03/23 05:30:00  PM,168.433,1.439
06/03/23 06:00:00  PM,168.787,1.439
06/03/23 06:30:00  PM,169.023,1.439
06/03/23 07:00:00  PM,169.436,1.439
06/03/23 07:30:00  PM,169.671,1.439
06/03/23 08:00:00  PM,170.025,1.439
06/03/23 08:30:00  PM,170.261,1.439
06/03/23 09:00:00  PM,170.615,1.439
06/03/23 09:30:00  PM,170.851,1.439
06/03/23 10:00:00  PM,171.087,1.439
06/03/23 10:30:00  PM,171.382,1.439
06/03/23 11:00:00  PM,171.559,1.439
06/03/23 11:30:00  PM,171.736,1.439
06/04/23 12:00:00  AM,171.913,1.439
06/04/23 12:30:00  AM,172.149,1.439
06/04/23 01:00:00  AM,172.266,1.33
06/04/23 01:30:00  AM,172.384,1.33
06/04/23 02:00:00  AM,172.502,1.33
06/04/23 02:30:00  AM,172.679,1.33
06/04/23 03:00:00  AM,172.797,1.33
06/04/23 03:30:00  AM,172.797,1.33
06/04/23 04:00:00  AM,173.034,1.439
06/04/23 04:30:00  AM,173.034,1.439
06/04/23 05:00:00  AM,173.152,1.439
06/04/23 05:30:00  AM,173.211,1.439
06/04/23 06:00:00  AM,173.27,1.439
06/04/23 06:30:00  AM,173.447,1.439
06/04/23 07:00:00  AM,173.505,1.33
06/04/23 07:30:00  AM,173.563,1.221
06/04/23 08:00:00  AM,173.682,1.33
06/04/23 08:30:00  AM,173.741,1.33
06/04/23 09:00:00  AM,173.741,1.33
06/04/23 09:30:00  AM,173.8,1.33
06/04/23 10:00:00  AM,173.8,1.33
06/04/23 10:30:00  AM,173.977,1.33
06/04/23 11:00:00  AM,174.154,1.33
06/04/23 11:30:00  AM,174.331,1.33
06/04/23 12:00:00  PM,174.391,1.439
06/04/23 12:30:00  PM,174.687,1.548
06/04/23 01:00:00  PM,174.805,1.548
06/04/23 01:30:00  PM,175.041,1.548
06/04/23 02:00:00  PM,175.219,1.656
06/04/23 02:30:00  PM,175.454,1.548
06/04/23 03:00:00  PM,175.748,1.548
06/04/23 03:30:00  PM,176.043,1.548
06/04/23 04:00:00  PM,176.338,1.548
06/04/23 04:30:00  PM,176.574,1.548
06/04/23 05:00:00  PM,176.869,1.548
06/04/23 05:30:00  PM,177.046,1.548
06/04/23 06:00:00  PM,177.341,1.548
06/04/23 06:30:00  PM,177.577,1.548
06/04/23 07:00:00  PM,177.872,1.548
06/04/23 07:30:00  PM,178.108,1.548
06/04/23 08:00:00  PM,178.344,1.548
06/04/23 08:30:00  PM,178.639,1.548
06/04/23 09:00:00  PM,178.874,1.548
06/04/23 09:30:00  PM,179.168,1.439
06/04/23 10:00:00  PM,179.286,1.439
06/04/23 10:30:00  PM,179.581,1.439
06/04/23 11:00:00  PM,179.817,1.439
06/04/23 11:30:00  PM,179.994,1.439
06/05/23 12:00:00  AM,180.112,1.439
06/05/23 12:30:00  AM,180.289,1.439
06/05/23 01:00:00  AM,180.407,1.439
06/05/23 01:30:00  AM,180.584,1.439
06/05/23 02:00:00  AM,180.701,1.439
06/05/23 02:30:00  AM,180.76,1.439
06/05/23 03:00:00  AM,180.878,1.439
06/05/23 03:30:00  AM,180.878,1.439
06/05/23 04:00:00  AM,181.055,1.439
06/05/23 04:30:00  AM,181.114,1.439
06/05/23 05:00:00  AM,181.232,1.439
06/05/23 05:30:00  AM,181.291,1.439
06/05/23 06:00:00  AM,181.409,1.439
06/05/23 06:30:00  AM,181.527,1.439
06/05/23 07:00:00  AM,181.586,1.439
06/05/23 07:30:00  AM,181.704,1.439
06/05/23 08:00:00  AM,181.762,1.33
06/05/23 08:30:00  AM,181.822,1.439
06/05/23 09:00:00  AM,181.999,1.439
06/05/23 09:30:00  AM,182.058,1.439
06/05/23 10:00:00  AM,182.294,1.439
06/05/23 10:30:00  AM,182.471,1.439
06/05/23 11:00:00  AM,182.589,1.439
06/05/23 11:30:00  AM,182.707,1.439
06/05/23 12:00:00  PM,182.826,1.548
06/05/23 12:30:00  PM,183.121,1.548
06/05/23 01:00:00  PM,183.296,1.439
06/05/23 01:30:00  PM,183.592,1.548
06/05/23 02:00:00  PM,183.828,1.548
06/05/23 02:30:00  PM,184.123,1.548
06/05/23 03:00:00  PM,184.478,1.656
06/05/23 03:30:00  PM,184.713,1.548
06/05/23 04:00:00  PM,185.068,1.656
06/05/23 04:30:00  PM,185.303,1.548
06/05/23 05:00:00  PM,185.656,1.548
06/05/23 05:30:00  PM,185.892,1.548
06/05/23 06:00:00  PM,186.305,1.548
06/05/23 06:30:00  PM,186.6,1.548
06/05/23 07:00:00  PM,186.895,1.548
06/05/23 07:30:00  PM,187.13,1.548
06/05/23 08:00:00  PM,187.366,1.548
06/05/23 08:30:00  PM,187.661,1.548
06/05/23 09:00:00  PM,187.956,1.548
06/05/23 09:30:00  PM,188.192,1.548
06/05/23 10:00:00  PM,188.369,1.548
06/05/23 10:30:00  PM,188.544,1.439
06/05/23 11:00:00  PM,188.544,1.439
06/05/23 11:30:00  PM,183.472,1.33
06/06/23 12:00:00  AM,183.767,1.33
06/06/23 12:30:00  AM,183.944,1.33
06/06/23 01:00:00  AM,184.121,1.33
06/06/23 01:30:00  AM,184.297,1.33
06/06/23 02:00:00  AM,184.533,1.33
06/06/23 02:30:00  AM,184.653,1.439
06/06/23 03:00:00  AM,184.71,1.33
06/06/23 03:30:00  AM,184.829,1.439
06/06/23 04:00:00  AM,184.947,1.439
06/06/23 04:30:00  AM,185.065,1.439
06/06/23 05:00:00  AM,185.124,1.439
06/06/23 05:30:00  AM,185.242,1.439
06/06/23 06:00:00  AM,185.301,1.439
06/06/23 06:30:00  AM,185.36,1.439
06/06/23 07:00:00  AM,185.478,1.439
06/06/23 07:30:00  AM,185.357,1.221
06/06/23 08:00:00  AM,185.416,1.221
06/06/23 08:30:00  AM,185.534,1.221
06/06/23 09:00:00  AM,185.593,1.221
06/06/23 09:30:00  AM,185.711,1.221
06/06/23 10:00:00  AM,185.829,1.221
06/06/23 10:30:00  AM,185.947,1.221
06/06/23 11:00:00  AM,186.006,1.221
06/06/23 11:30:00  AM,186.242,1.221
06/06/23 12:00:00  PM,186.36,1.221
06/06/23 12:30:00  PM,186.537,1.221
06/06/23 01:00:00  PM,186.714,1.221
06/06/23 01:30:00  PM,186.949,1.221
06/06/23 02:00:00  PM,187.185,1.221
06/06/23 02:30:00  PM,187.362,1.221
06/06/23 03:00:00  PM,187.598,1.221
06/06/23 03:30:00  PM,187.834,1.221
06/06/23 04:00:00  PM,188.071,1.33
06/06/23 04:30:00  PM,188.306,1.221
06/06/23 05:00:00  PM,188.541,1.221
06/06/23 05:30:00  PM,188.836,1.221
06/06/23 06:00:00  PM,189.131,1.221
06/06/23 06:30:00  PM,189.367,1.221
06/06/23 07:00:00  PM,189.721,1.221
06/06/23 07:30:00  PM,190.015,1.221
06/06/23 08:00:00  PM,190.31,1.221
06/06/23 08:30:00  PM,190.488,1.33
06/06/23 09:00:00  PM,190.842,1.33
06/06/23 09:30:00  PM,191.137,1.33
06/06/23 10:00:00  PM,191.312,1.221
06/06/23 10:30:00  PM,191.607,1.221
06/06/23 11:00:00  PM,191.725,1.221
06/06/23 11:30:00  PM,191.902,1.221
06/07/23 12:00:00  AM,192.018,1.112
06/07/23 12:30:00  AM,192.195,1.112
06/07/23 01:00:00  AM,192.313,1.112
06/07/23 01:30:00  AM,192.373,1.221
06/07/23 02:00:00  AM,192.55,1.221
06/07/23 02:30:00  AM,192.608,1.112
06/07/23 03:00:00  AM,192.668,1.221
06/07/23 03:30:00  AM,192.726,1.112
06/07/23 04:00:00  AM,192.785,1.112
06/07/23 04:30:00  AM,192.844,1.112
06/07/23 05:00:00  AM,192.961,1.112
06/07/23 05:30:00  AM,192.961,1.112
06/07/23 06:00:00  AM,193.079,1.112
06/07/23 06:30:00  AM,193.138,1.112
06/07/23 07:00:00  AM,193.197,1.112
06/07/23 07:30:00  AM,193.197,1.112
06/07/23 08:00:00  AM,193.196,1.003
06/07/23 08:30:00  AM,193.314,1.003
06/07/23 09:00:00  AM,193.314,1.003
06/07/23 09:30:00  AM,193.314,1.003
06/07/23 10:00:00  AM,193.373,1.003
06/07/23 10:30:00  AM,193.432,1.003
06/07/23 11:00:00  AM,193.549,1.003
06/07/23 11:30:00  AM,193.726,1.003
06/07/23 12:00:00  PM,193.844,1.003
06/07/23 12:30:00  PM,193.962,1.003
06/07/23 01:00:00  PM,194.139,1.003
06/07/23 01:30:00  PM,194.316,1.003
06/07/23 02:00:00  PM,194.493,1.003
06/07/23 02:30:00  PM,194.728,1.003
06/07/23 03:00:00  PM,194.964,1.003
06/07/23 03:30:00  PM,195.141,1.003
06/07/23 04:00:00  PM,195.377,1.003
06/07/23 04:30:00  PM,195.613,1.003
06/07/23 05:00:00  PM,195.907,1.003
06/07/23 05:30:00  PM,196.202,1.003
06/07/23 06:00:00  PM,196.438,1.003
06/07/23 06:30:00  PM,196.674,1.003
06/07/23 07:00:00  PM,196.909,1.003
06/07/23 07:30:00  PM,197.204,1.003
06/07/23 08:00:00  PM,197.381,1.003
06/07/23 08:30:00  PM,197.617,1.003
06/07/23 09:00:00  PM,197.851,0.893
06/07/23 09:30:00  PM,198.028,0.893
06/07/23 10:00:00  PM,198.204,0.893
06/07/23 10:30:00  PM,198.44,0.893
06/07/23 11:00:00  PM,198.56,1.003
06/07/23 11:30:00  PM,198.676,0.893
06/08/23 12:00:00  AM,198.853,0.893
06/08/23 12:30:00  AM,198.912,0.893
06/08/23 01:00:00  AM,199.088,0.893
06/08/23 01:30:00  AM,199.088,0.893
06/08/23 02:00:00  AM,199.206,0.893
06/08/23 02:30:00  AM,199.324,0.893
06/08/23 03:00:00  AM,199.383,0.893
06/08/23 03:30:00  AM,199.383,0.893
06/08/23 04:00:00  AM,199.442,0.893
06/08/23 04:30:00  AM,199.442,0.893
06/08/23 05:00:00  AM,199.44,0.784
06/08/23 05:30:00  AM,199.44,0.784
06/08/23 06:00:00  AM,199.558,0.784
06/08/23 06:30:00  AM,199.558,0.784
06/08/23 07:00:00  AM,199.558,0.784
06/08/23 07:30:00  AM,199.558,0.784
06/08/23 08:00:00  AM,199.676,0.784
06/08/23 08:30:00  AM,199.617,0.784
06/08/23 09:00:00  AM,199.676,0.784
06/08/23 09:30:00  AM,199.676,0.784
06/08/23 10:00:00  AM,199.853,0.784
06/08/23 10:30:00  AM,199.853,0.784
06/08/23 11:00:00  AM,200.03,0.784
06/08/23 11:30:00  AM,200.148,0.784
06/08/23 12:00:00  PM,200.266,0.784
06/08/23 12:30:00  PM,200.501,0.784
06/08/23 01:00:00  PM,200.737,0.784
06/08/23 01:30:00  PM,200.973,0.784
06/08/23 02:00:00  PM,201.15,0.784
06/08/23 02:30:00  PM,201.326,0.784
06/08/23 03:00:00  PM,201.621,0.784
06/08/23 03:30:00  PM,201.798,0.784
06/08/23 04:00:00  PM,201.916,0.784
06/08/23 04:30:00  PM,202.151,0.784
06/08/23 05:00:00  PM,202.328,0.784
06/08/23 05:30:00  PM,202.562,0.674
06/08/23 06:00:00  PM,202.798,0.674
06/08/23 06:30:00  PM,202.975,0.674
06/08/23 07:00:00  PM,203.269,0.674
06/08/23 07:30:00  PM,203.446,0.674
06/08/23 08:00:00  PM,203.682,0.674
06/08/23 08:30:00  PM,203.857,0.563
06/08/23 09:00:00  PM,204.035,0.674
06/08/23 09:30:00  PM,204.152,0.563
06/08/23 10:00:00  PM,204.328,0.563
06/08/23 10:30:00  PM,204.446,0.563
06/08/23 11:00:00  PM,204.448,0.674
06/08/23 11:30:00  PM,204.507,0.674
06/09/23 12:00:00  AM,204.625,0.674
06/09/23 12:30:00  AM,204.744,0.784
06/09/23 01:00:00  AM,204.86,0.674
06/09/23 01:30:00  AM,205.096,0.674
06/09/23 02:00:00  AM,205.096,0.674
06/09/23 02:30:00  AM,205.273,0.674
06/09/23 03:00:00  AM,205.391,0.674
06/09/23 03:30:00  AM,205.392,0.784
06/09/23 04:00:00  AM,205.392,0.784
06/09/23 04:30:00  AM,205.451,0.784
06/09/23 05:00:00  AM,205.567,0.674
06/09/23 05:30:00  AM,205.626,0.674
06/09/23 06:00:00  AM,205.626,0.674
06/09/23 06:30:00  AM,205.626,0.674
06/09/23 07:00:00  AM,205.685,0.674
06/09/23 07:30:00  AM,205.685,0.674
06/09/23 08:00:00  AM,205.744,0.674
06/09/23 08:30:00  AM,205.744,0.674
06/09/23 09:00:00  AM,205.803,0.674
06/09/23 09:30:00  AM,205.803,0.674
06/09/23 10:00:00  AM,205.862,0.674
06/09/23 10:30:00  AM,205.98,0.674
06/09/23 11:00:00  AM,206.039,0.674
06/09/23 11:30:00  AM,206.098,0.674
06/09/23 12:00:00  PM,206.098,0.674
06/09/23 12:30:00  PM,206.275,0.674
06/09/23 01:00:00  PM,206.333,0.674
06/09/23 01:30:00  PM,206.569,0.674
06/09/23 02:00:00  PM,206.748,0.784
06/09/23 02:30:00  PM,206.923,0.674
06/09/23 03:00:00  PM,207.158,0.674
06/09/23 03:30:00  PM,207.276,0.674
06/09/23 04:00:00  PM,207.514,0.784
06/09/23 04:30:00  PM,207.808,0.784
06/09/23 05:00:00  PM,207.985,0.784
06/09/23 05:30:00  PM,208.162,0.784
06/09/23 06:00:00  PM,208.455,0.674
06/09/23 06:30:00  PM,208.749,0.674
06/09/23 07:00:00  PM,208.926,0.674
06/09/23 07:30:00  PM,209.044,0.674
06/09/23 08:00:00  PM,209.338,0.674
06/09/23 08:30:00  PM,209.456,0.674
06/09/23 09:00:00  PM,209.633,0.674
06/09/23 09:30:00  PM,209.692,0.674
06/09/23 10:00:00  PM,209.869,0.674
06/09/23 10:30:00  PM,210.045,0.674
06/09/23 11:00:00  PM,210.045,0.674
06/09/23 11:30:00  PM,210.163,0.674
06/10/23 12:00:00  AM,210.163,0.674
06/10/23 12:30:00  AM,210.34,0.674
06/10/23 01:00:00  AM,210.34,0.674
06/10/23 01:30:00  AM,210.34,0.674
06/10/23 02:00:00  AM,210.458,0.674
06/10/23 02:30:00  AM,210.399,0.674
06/10/23 03:00:00  AM,210.458,0.674
06/10/23 03:30:00  AM,210.458,0.674
06/10/23 04:00:00  AM,210.458,0.674
06/10/23 04:30:00  AM,210.458,0.674
06/10/23 05:00:00  AM,210.399,0.674
06/10/23 05:30:00  AM,210.458,0.674
06/10/23 06:00:00  AM,210.456,0.563
06/10/23 06:30:00  AM,210.456,0.563
06/10/23 07:00:00  AM,210.515,0.563
06/10/23 07:30:00  AM,210.397,0.563
06/10/23 08:00:00  AM,210.397,0.563
06/10/23 08:30:00  AM,210.456,0.563
06/10/23 09:00:00  AM,210.397,0.563
06/10/23 09:30:00  AM,210.456,0.563
06/10/23 10:00:00  AM,210.456,0.563
06/10/23 10:30:00  AM,210.515,0.563
06/10/23 11:00:00  AM,210.574,0.563
06/10/23 11:30:00  AM,210.635,0.674
06/10/23 12:00:00  PM,210.693,0.674
06/10/23 12:30:00  PM,210.811,0.674
06/10/23 01:00:00  PM,210.929,0.674
06/10/23 01:30:00  PM,211.165,0.674
06/10/23 02:00:00  PM,211.283,0.674
06/10/23 02:30:00  PM,211.518,0.674
06/10/23 03:00:00  PM,211.636,0.674
06/10/23 03:30:00  PM,211.931,0.674
06/10/23 04:00:00  PM,212.048,0.674
06/10/23 04:30:00  PM,212.284,0.674
06/10/23 05:00:00  PM,212.52,0.674
06/10/23 05:30:00  PM,212.755,0.674
06/10/23 06:00:00  PM,212.991,0.674
06/10/23 06:30:00  PM,213.286,0.674
06/10/23 07:00:00  PM,213.403,0.674
06/10/23 07:30:00  PM,213.58,0.674
06/10/23 08:00:00  PM,213.698,0.674
06/10/23 08:30:00  PM,213.934,0.674
06/10/23 09:00:00  PM,214.051,0.674
06/10/23 09:30:00  PM,214.11,0.674
06/10/23 10:00:00  PM,214.228,0.674
06/10/23 10:30:00  PM,214.285,0.563
06/10/23 11:00:00  PM,214.344,0.563
06/10/23 11:30:00  PM,214.403,0.563
06/11/23 12:00:00  AM,214.58,0.563
06/11/23 12:30:00  AM,214.521,0.563
06/11/23 01:00:00  AM,214.58,0.563
06/11/23 01:30:00  AM,214.58,0.563
06/11/23 02:00:00  AM,214.639,0.563
06/11/23 02:30:00  AM,214.521,0.563
06/11/23 03:00:00  AM,214.639,0.563
06/11/23 03:30:00  AM,214.58,0.563
06/11/23 04:00:00  AM,214.521,0.563
06/11/23 04:30:00  AM,214.521,0.563
06/11/23 05:00:00  AM,214.462,0.563
06/11/23 05:30:00  AM,214.462,0.563
06/11/23 06:00:00  AM,214.344,0.563
06/11/23 06:30:00  AM,214.344,0.563
06/11/23 07:00:00  AM,214.344,0.563
06/11/23 07:30:00  AM,214.226,0.563
06/11/23 08:00:00  AM,214.167,0.563
06/11/23 08:30:00  AM,214.108,0.563
06/11/23 09:00:00  AM,214.049,0.563
06/11/23 09:30:00  AM,213.932,0.563
06/11/23 10:00:00  AM,213.873,0.563
06/11/23 10:30:00  AM,213.814,0.563
06/11/23 11:00:00  AM,213.755,0.563
06/11/23 11:30:00  AM,213.755,0.563
06/11/23 12:00:00  PM,213.755,0.563
06/11/23 12:30:00  PM,213.696,0.563
06/11/23 01:00:00  PM,213.696,0.563
06/11/23 01:30:00  PM,213.698,0.674
06/11/23 02:00:00  PM,213.698,0.674
06/11/23 02:30:00  PM,213.875,0.674
06/11/23 03:00:00  PM,213.816,0.674
06/11/23 03:30:00  PM,213.875,0.674
06/11/23 04:00:00  PM,214.049,0.563
06/11/23 04:30:00  PM,214.051,0.674
06/11/23 05:00:00  PM,214.169,0.674
06/11/23 05:30:00  PM,214.285,0.563
06/11/23 06:00:00  PM,214.464,0.674
06/11/23 06:30:00  PM,214.523,0.674
06/11/23 07:00:00  PM,214.639,0.563
06/11/23 07:30:00  PM,214.815,0.563
06/11/23 08:00:00  PM,214.815,0.563
06/11/23 08:30:00  PM,214.874,0.563
06/11/23 09:00:00  PM,214.933,0.563
06/11/23 09:30:00  PM,214.872,0.453
06/11/23 10:00:00  PM,214.933,0.563
06/11/23 10:30:00  PM,215.051,0.563
06/11/23 11:00:00  PM,214.992,0.563
06/11/23 11:30:00  PM,214.992,0.563
06/12/23 12:00:00  AM,215.051,0.563
06/12/23 12:30:00  AM,214.992,0.563
06/12/23 01:00:00  AM,214.933,0.563
06/12/23 01:30:00  AM,214.933,0.563
06/12/23 02:00:00  AM,214.992,0.563
06/12/23 02:30:00  AM,214.874,0.563
06/12/23 03:00:00  AM,214.815,0.563
06/12/23 03:30:00  AM,214.756,0.563
06/12/23 04:00:00  AM,214.697,0.563
06/12/23 04:30:00  AM,214.578,0.453
06/12/23 05:00:00  AM,214.519,0.453
06/12/23 05:30:00  AM,214.519,0.453
06/12/23 06:00:00  AM,214.46,0.453
06/12/23 06:30:00  AM,214.342,0.453
06/12/23 07:00:00  AM,214.283,0.453
06/12/23 07:30:00  AM,214.165,0.453
06/12/23 08:00:00  AM,214.106,0.453
06/12/23 08:30:00  AM,214.048,0.453
06/12/23 09:00:00  AM,214.048,0.453
06/12/23 09:30:00  AM,213.989,0.453
06/12/23 10:00:00  AM,213.93,0.453
06/12/23 10:30:00  AM,213.93,0.453
06/12/23 11:00:00  AM,213.991,0.563
06/12/23 11:30:00  AM,213.991,0.563
06/12/23 12:00:00  PM,214.108,0.563
06/12/23 12:30:00  PM,214.108,0.563
06/12/23 01:00:00  PM,214.285,0.563
06/12/23 01:30:00  PM,214.344,0.563
06/12/23 02:00:00  PM,214.462,0.563
06/12/23 02:30:00  PM,214.639,0.563
06/12/23 03:00:00  PM,214.756,0.563
06/12/23 03:30:00  PM,214.874,0.563
06/12/23 04:00:00  PM,214.992,0.563
06/12/23 04:30:00  PM,215.051,0.563
06/12/23 05:00:00  PM,215.226,0.453
06/12/23 05:30:00  PM,215.343,0.453
06/12/23 06:00:00  PM,215.463,0.563
06/12/23 06:30:00  PM,215.638,0.453
06/12/23 07:00:00  PM,215.699,0.563
06/12/23 07:30:00  PM,215.758,0.563
06/12/23 08:00:00  PM,215.815,0.453
06/12/23 08:30:00  PM,215.874,0.453
06/12/23 09:00:00  PM,215.756,0.453
06/12/23 09:30:00  PM,215.874,0.453
06/12/23 10:00:00  PM,215.815,0.453
06/12/23 10:30:00  PM,215.874,0.453
06/12/23 11:00:00  PM,215.933,0.453
06/12/23 11:30:00  PM,215.815,0.453
06/13/23 12:00:00  AM,215.815,0.453
06/13/23 12:30:00  AM,215.697,0.453
06/13/23 01:00:00  AM,215.638,0.453
06/13/23 01:30:00  AM,215.579,0.453
06/13/23 02:00:00  AM,215.579,0.453
06/13/23 02:30:00  AM,215.343,0.453
06/13/23 03:00:00  AM,215.285,0.453
06/13/23 03:30:00  AM,215.167,0.453
06/13/23 04:00:00  AM,215.049,0.453
06/13/23 04:30:00  AM,214.931,0.453
06/13/23 05:00:00  AM,214.872,0.453
06/13/23 05:30:00  AM,214.578,0.453
06/13/23 06:00:00  AM,214.519,0.453
06/13/23 06:30:00  AM,214.401,0.453
06/13/23 07:00:00  AM,214.165,0.453
06/13/23 07:30:00  AM,214.048,0.453
06/13/23 08:00:00  AM,213.871,0.453
06/13/23 08:30:00  AM,213.753,0.453
06/13/23 09:00:00  AM,213.635,0.453
06/13/23 09:30:00  AM,213.4,0.453
06/13/23 10:00:00  AM,213.282,0.453
06/13/23 10:30:00  AM,213.166,0.563
06/13/23 11:00:00  AM,213.107,0.563
06/13/23 11:30:00  AM,212.989,0.563
06/13/23 12:00:00  PM,212.991,0.674
06/13/23 12:30:00  PM,212.873,0.674
06/13/23 01:00:00  PM,212.814,0.674
06/13/23 01:30:00  PM,212.755,0.674
06/13/23 02:00:00  PM,212.696,0.674
06/13/23 02:30:00  PM,212.639,0.784
06/13/23 03:00:00  PM,212.638,0.674
06/13/23 03:30:00  PM,212.696,0.674
06/13/23 04:00:00  PM,212.755,0.674
06/13/23 04:30:00  PM,212.753,0.563
06/13/23 05:00:00  PM,212.755,0.674
06/13/23 05:30:00  PM,212.814,0.674
06/13/23 06:00:00  PM,212.814,0.674
06/13/23 06:30:00  PM,212.873,0.674
06/13/23 07:00:00  PM,212.871,0.563
06/13/23 07:30:00  PM,212.93,0.563
06/13/23 08:00:00  PM,212.93,0.563
06/13/23 08:30:00  PM,212.93,0.563
06/13/23 09:00:00  PM,212.812,0.563
06/13/23 09:30:00  PM,212.695,0.563
06/13/23 10:00:00  PM,212.636,0.563
06/13/23 10:30:00  PM,212.577,0.563
06/13/23 11:00:00  PM,212.459,0.563
06/13/23 11:30:00  PM,212.282,0.563
06/14/23 12:00:00  AM,212.164,0.563
06/14/23 12:30:00  AM,211.929,0.563
06/14/23 01:00:00  AM,211.809,0.453
06/14/23 01:30:00  AM,211.573,0.453
06/14/23 02:00:00  AM,211.338,0.453
06/14/23 02:30:00  AM,211.102,0.453
06/14/23 03:00:00  AM,210.866,0.453
06/14/23 03:30:00  AM,210.69,0.453
06/14/23 04:00:00  AM,210.395,0.453
06/14/23 04:30:00  AM,210.101,0.453
06/14/23 05:00:00  AM,209.865,0.453
06/14/23 05:30:00  AM,209.629,0.453
06/14/23 06:00:00  AM,209.335,0.453
06/14/23 06:30:00  AM,208.981,0.453
06/14/23 07:00:00  AM,208.746,0.453
06/14/23 07:30:00  AM,208.451,0.453
06/14/23 08:00:00  AM,208.097,0.453
06/14/23 08:30:00  AM,207.803,0.453
06/14/23 09:00:00  AM,207.449,0.453
06/14/23 09:30:00  AM,207.155,0.453
06/14/23 10:00:00  AM,206.801,0.453
06/14/23 10:30:00  AM,206.566,0.453
06/14/23 11:00:00  AM,206.271,0.453
06/14/23 11:30:00  AM,205.976,0.453
06/14/23 12:00:00  PM,205.682,0.453
06/14/23 12:30:00  PM,205.448,0.563
06/14/23 01:00:00  PM,205.094,0.563
06/14/23 01:30:00  PM,204.918,0.563
06/14/23 02:00:00  PM,204.741,0.563
06/14/23 02:30:00  PM,204.564,0.563
06/14/23 03:00:00  PM,204.269,0.563
06/14/23 03:30:00  PM,204.21,0.563
06/14/23 04:00:00  PM,204.034,0.563
06/14/23 04:30:00  PM,203.798,0.563
06/14/23 05:00:00  PM,203.621,0.563
06/14/23 05:30:00  PM,203.444,0.563
06/14/23 06:00:00  PM,203.327,0.563
06/14/23 06:30:00  PM,203.15,0.563
06/14/23 07:00:00  PM,202.914,0.563
06/14/23 07:30:00  PM,202.561,0.563
06/14/23 08:00:00  PM,202.384,0.563
06/14/23 08:30:00  PM,202.089,0.563
06/14/23 09:00:00  PM,201.736,0.563
06/14/23 09:30:00  PM,201.382,0.563
06/14/23 10:00:00  PM,201.087,0.563
06/14/23 10:30:00  PM,200.557,0.563
06/14/23 11:00:00  PM,200.261,0.453
06/14/23 11:30:00  PM,199.789,0.453
06/15/23 12:00:00  AM,199.259,0.453
06/15/23 12:30:00  AM,198.728,0.453
06/15/23 01:00:00  AM,198.198,0.453
06/15/23 01:30:00  AM,197.55,0.453
06/15/23 02:00:00  AM,197.078,0.453
06/15/23 02:30:00  AM,196.371,0.453
06/15/23 03:00:00  AM,195.84,0.453
06/15/23 03:30:00  AM,195.133,0.453
06/15/23 04:00:00  AM,194.426,0.453
06/15/23 04:30:00  AM,193.719,0.453
06/15/23 05:00:00  AM,192.952,0.453
06/15/23 05:30:00  AM,192.186,0.453
06/15/23 06:00:00  AM,191.538,0.453
06/15/23 06:30:00  AM,190.712,0.453
06/15/23 07:00:00  AM,189.887,0.453
06/15/23 07:30:00  AM,189.121,0.453
06/15/23 08:00:00  AM,188.296,0.453
06/15/23 08:30:00  AM,187.411,0.453
06/15/23 09:00:00  AM,186.527,0.453
06/15/23 09:30:00  AM,185.584,0.453
06/15/23 10:00:00  AM,184.64,0.453
06/15/23 10:30:00  AM,183.697,0.453
06/15/23 11:00:00  AM,182.755,0.563
06/15/23 11:30:00  AM,181.812,0.563
06/15/23 12:00:00  PM,180.927,0.563
06/15/23 12:30:00  PM,179.984,0.563
06/15/23 01:00:00  PM,179.041,0.674
06/15/23 01:30:00  PM,178.097,0.563
06/15/23 02:00:00  PM,177.153,0.563
06/15/23 02:30:00  PM,176.21,0.563
06/15/23 03:00:00  PM,175.148,0.563
06/15/23 03:30:00  PM,174.203,0.453
06/15/23 04:00:00  PM,173.379,0.563
06/15/23 04:30:00  PM,172.376,0.563
06/15/23 05:00:00  PM,171.137,0.563
06/15/23 05:30:00  PM,170.016,0.453
06/15/23 06:00:00  PM,168.836,0.453
06/15/23 06:30:00  PM,167.597,0.453
06/15/23 07:00:00  PM,166.3,0.453
06/15/23 07:30:00  PM,165.002,0.453
06/15/23 08:00:00  PM,163.881,0.453
06/15/23 08:30:00  PM,162.524,0.453
06/15/23 09:00:00  PM,161.108,0.453
06/15/23 09:30:00  PM,159.574,0.453
06/15/23 10:00:00  PM,158.217,0.453
06/15/23 10:30:00  PM,156.801,0.453
06/15/23 11:00:00  PM,155.149,0.453
06/15/23 11:30:00  PM,153.437,0.453
06/16/23 12:00:00  AM,151.608,0.453
06/16/23 12:30:00  AM,150.132,0.343
06/16/23 01:00:00  AM,148.185,0.453
06/16/23 01:30:00  AM,146.355,0.453
06/16/23 02:00:00  AM,144.289,0.453
06/16/23 02:30:00  AM,143.226,0.343
06/16/23 03:00:00  AM,140.925,0.453
06/16/23 03:30:00  AM,138.74,0.453
06/16/23 04:00:00  AM,136.32,0.453
06/16/23 04:30:00  AM,134.017,0.453
06/16/23 05:00:00  AM,131.537,0.453
06/16/23 05:30:00  AM,128.762,0.453
06/16/23 06:00:00  AM,125.986,0.343
06/16/23 06:30:00  AM,123.505,0.343
06/16/23 07:00:00  AM,120.493,0.453
06/16/23 07:30:00  AM,117.421,0.453
06/16/23 08:00:00  AM,114.645,0.343
06/16/23 08:30:00  AM,111.927,0.453
06/16/23 09:00:00  AM,108.264,0.232
06/16/23 09:30:00  AM,105.014,0.232
06/16/23 10:00:00  AM,101.231,0.343
06/16/23 10:30:00  AM,97.803,0.453
06/16/23 11:00:00  AM,94.257,0.343
06/16/23 11:30:00  AM,90.71,0.343
06/16/23 12:00:00  PM,88.461,0.893
06/16/23 12:30:00  PM,88.51,3.261
06/16/23 01:00:00  PM,88.506,4.207
06/16/23 01:30:00  PM,88.502,4.934
06/16/23 02:00:00  PM,88.615,5.962
06/16/23 02:30:00  PM,88.606,7.381
06/16/23 03:00:00  PM,88.618,13.846
06/16/23 03:30:00  PM,88.701,10.846
06/16/23 04:00:00  PM,88.69,12.304
06/16/23 04:30:00  PM,88.737,13.846
06/16/23 05:00:00  PM,88.76,10.944
06/16/23 05:30:00  PM,88.711,9.571
06/16/23 06:00:00  PM,88.764,10.455
06/16/23 06:30:00  PM,88.761,10.846
06/16/23 07:00:00  PM,88.821,10.748
06/16/23 07:30:00  PM,88.83,9.373
06/16/23 08:00:00  PM,88.835,8.68
06/16/23 08:30:00  PM,88.902,7.381
06/16/23 09:00:00  PM,88.967,6.471
06/16/23 09:30:00  PM,89.03,5.86
06/16/23 10:00:00  PM,89.032,5.347
06/16/23 10:30:00  PM,89.035,4.831
06/16/23 11:00:00  PM,89.097,4.311
06/16/23 11:30:00  PM,89.159,3.788
06/17/23 12:00:00  AM,89.161,3.261
06/17/23 12:30:00  AM,89.222,2.837
06/17/23 01:00:00  AM,89.223,2.624
06/17/23 01:30:00  AM,89.224,2.303
06/17/23 02:00:00  AM,89.225,2.088
06/17/23 02:30:00  AM,89.286,1.764
06/17/23 03:00:00  AM,89.345,1.656
06/17/23 03:30:00  AM,89.286,1.548
06/17/23 04:00:00  AM,89.287,1.439
06/17/23 04:30:00  AM,89.346,1.548
06/17/23 05:00:00  AM,89.404,1.656
06/17/23 05:30:00  AM,89.404,1.656
06/17/23 06:00:00  AM,89.404,1.764
06/17/23 06:30:00  AM,89.462,1.98
06/17/23 07:00:00  AM,89.461,2.195
06/17/23 07:30:00  AM,89.52,2.41
06/17/23 08:00:00  AM,89.46,2.517
06/17/23 08:30:00  AM,89.575,3.261
06/17/23 09:00:00  AM,89.572,3.998
06/17/23 09:30:00  AM,89.57,4.311
06/17/23 10:00:00  AM,89.57,4.311
06/17/23 10:30:00  AM,89.687,4.519
06/17/23 11:00:00  AM,89.626,5.037
06/17/23 11:30:00  AM,89.624,5.45
06/17/23 12:00:00  PM,89.685,4.934
06/17/23 12:30:00  PM,89.686,4.727
06/17/23 01:00:00  PM,89.627,4.831
06/17/23 01:30:00  PM,89.683,5.45
06/17/23 02:00:00  PM,89.736,6.471
06/17/23 02:30:00  PM,89.761,11.722
06/17/23 03:00:00  PM,89.799,20.615
06/17/23 03:30:00  PM,89.835,22.717
06/17/23 04:00:00  PM,89.831,23.004
06/17/23 04:30:00  PM,89.846,15.76
06/17/23 05:00:00  PM,89.864,13.75
06/17/23 05:30:00  PM,89.899,16.523
06/17/23 06:00:00  PM,89.886,17.855
06/17/23 06:30:00  PM,89.936,18.806
06/17/23 07:00:00  PM,89.977,14.421
06/17/23 07:30:00  PM,89.942,11.334
06/17/23 08:00:00  PM,90.012,9.768
06/17/23 08:30:00  PM,90.018,8.879
06/17/23 09:00:00  PM,90.082,8.082
06/17/23 09:30:00  PM,90.086,7.481
06/17/23 10:00:00  PM,90.086,7.481
06/17/23 10:30:00  PM,90.091,6.573
06/17/23 11:00:00  PM,90.153,5.962
06/17/23 11:30:00  PM,90.216,5.244
06/18/23 12:00:00  AM,90.217,5.037
06/18/23 12:30:00  AM,90.396,4.831
06/18/23 01:00:00  AM,90.397,4.519
06/18/23 01:30:00  AM,90.457,4.311
06/18/23 02:00:00  AM,90.458,4.102
06/18/23 02:30:00  AM,90.46,3.683
06/18/23 03:00:00  AM,90.52,3.683
06/18/23 03:30:00  AM,90.462,3.261
06/18/23 04:00:00  AM,90.522,3.049
06/18/23 04:30:00  AM,90.464,2.943
06/18/23 05:00:00  AM,90.522,3.155
06/18/23 05:30:00  AM,90.581,3.049
06/18/23 06:00:00  AM,90.641,3.049
06/18/23 06:30:00  AM,90.64,3.261
06/18/23 07:00:00  AM,90.639,3.367
06/18/23 07:30:00  AM,90.697,3.683
06/18/23 08:00:00  AM,90.638,3.578
06/18/23 08:30:00  AM,90.695,4.102
06/18/23 09:00:00  AM,90.693,4.623
06/18/23 09:30:00  AM,90.749,5.141
06/18/23 10:00:00  AM,90.805,5.86
06/18/23 10:30:00  AM,90.743,6.37
06/18/23 11:00:00  AM,90.739,7.079
06/18/23 11:30:00  AM,90.736,7.582
06/18/23 12:00:00  PM,90.734,7.882
06/18/23 12:30:00  PM,90.85,8.282
06/18/23 01:00:00  PM,90.792,8.082
06/18/23 01:30:00  PM,90.735,7.782
06/18/23 02:00:00  PM,90.795,7.582
06/18/23 02:30:00  PM,90.741,15.091
06/18/23 03:00:00  PM,90.753,20.138
06/18/23 03:30:00  PM,90.759,24.835
06/18/23 04:00:00  PM,90.723,22.908
06/18/23 04:30:00  PM,90.635,25.319
06/18/23 05:00:00  PM,90.556,26.879
06/18/23 05:30:00  PM,90.605,27.665
06/18/23 06:00:00  PM,90.546,22.812
06/18/23 06:30:00  PM,90.663,22.908
06/18/23 07:00:00  PM,90.647,18.901
06/18/23 07:30:00  PM,90.68,15.378
06/18/23 08:00:00  PM,90.737,15.569
06/18/23 08:30:00  PM,90.811,13.846
06/18/23 09:00:00  PM,90.827,11.819
06/18/23 09:30:00  PM,90.836,10.455
06/18/23 10:00:00  PM,90.84,9.866
06/18/23 10:30:00  PM,90.789,8.68
06/18/23 11:00:00  PM,90.854,7.682
06/18/23 11:30:00  PM,90.8,6.775
06/19/23 12:00:00  AM,90.922,6.166
06/19/23 12:30:00  AM,90.866,5.552
06/19/23 01:00:00  AM,90.984,5.45
06/19/23 01:30:00  AM,90.925,5.45
06/19/23 02:00:00  AM,90.869,4.831
06/19/23 02:30:00  AM,90.931,4.311
06/19/23 03:00:00  AM,90.932,3.998
06/19/23 03:30:00  AM,90.874,3.788
06/19/23 04:00:00  AM,90.814,3.998
06/19/23 04:30:00  AM,90.873,3.998
06/19/23 05:00:00  AM,90.934,3.578
06/19/23 05:30:00  AM,90.935,3.472
06/19/23 06:00:00  AM,90.935,3.472
06/19/23 06:30:00  AM,90.935,3.367
06/19/23 07:00:00  AM,90.935,3.472
06/19/23 07:30:00  AM,90.935,3.367
06/19/23 08:00:00  AM,90.933,3.788
06/19/23 08:30:00  AM,90.873,4.102
06/19/23 09:00:00  AM,90.917,7.079
06/19/23 09:30:00  AM,90.923,5.962
06/19/23 10:00:00  AM,90.805,5.86
06/19/23 10:30:00  AM,90.863,5.962
06/19/23 11:00:00  AM,90.86,6.573
06/19/23 11:30:00  AM,90.86,6.573
06/19/23 12:00:00  PM,90.802,6.471
06/19/23 12:30:00  PM,90.802,6.37
06/19/23 01:00:00  PM,90.802,6.37
06/19/23 01:30:00  PM,90.741,6.775
06/19/23 02:00:00  PM,90.733,8.082
06/19/23 02:30:00  PM,90.788,16.523
06/19/23 03:00:00  PM,90.736,21.664
06/19/23 03:30:00  PM,90.705,24.448
06/19/23 04:00:00  PM,90.654,23.677
06/19/23 04:30:00  PM,90.662,17.284
06/19/23 05:00:00  PM,90.632,20.329
06/19/23 05:30:00  PM,90.598,23.388
06/19/23 06:00:00  PM,90.648,18.806
06/19/23 06:30:00  PM,90.625,14.804
06/19/23 07:00:00  PM,90.574,13.846
06/19/23 07:30:00  PM,90.519,13.365
06/19/23 08:00:00  PM,90.518,13.461
06/19/23 08:30:00  PM,90.519,13.365
06/19/23 09:00:00  PM,90.592,11.528
06/19/23 09:30:00  PM,90.602,10.063
06/19/23 10:00:00  PM,90.549,9.077
06/19/23 10:30:00  PM,90.495,8.282
06/19/23 11:00:00  PM,90.5,7.481
06/19/23 11:30:00  PM,90.506,6.471
06/20/23 12:00:00  AM,90.505,6.674
06/20/23 12:30:00  AM,90.561,7.079
06/20/23 01:00:00  AM,90.622,6.775
06/20/23 01:30:00  AM,90.506,6.37
06/20/23 02:00:00  AM,90.452,5.45
06/20/23 02:30:00  AM,90.508,5.962
06/20/23 03:00:00  AM,90.513,5.037
06/20/23 03:30:00  AM,90.574,4.623
06/20/23 04:00:00  AM,90.515,4.623
06/20/23 04:30:00  AM,90.457,4.311
06/20/23 05:00:00  AM,90.458,4.207
06/20/23 05:30:00  AM,90.458,4.102
06/20/23 06:00:00  AM,90.458,4.207
06/20/23 06:30:00  AM,90.399,4.207
06/20/23 07:00:00  AM,90.517,4.311
06/20/23 07:30:00  AM,90.398,4.415
06/20/23 08:00:00  AM,90.457,4.519
06/20/23 08:30:00  AM,90.517,4.207
06/20/23 09:00:00  AM,90.503,6.877
06/20/23 09:30:00  AM,90.392,5.655
06/20/23 10:00:00  AM,90.453,5.141
06/20/23 10:30:00  AM,90.453,5.141
06/20/23 11:00:00  AM,90.394,5.141
06/20/23 11:30:00  AM,90.334,5.45
06/20/23 12:00:00  PM,90.39,5.962
06/20/23 12:30:00  PM,90.326,6.775
06/20/23 01:00:00  PM,90.382,7.481
06/20/23 01:30:00  PM,90.321,7.682
06/20/23 02:00:00  PM,90.451,14.421
06/20/23 02:30:00  PM,90.387,21.091
06/20/23 03:00:00  PM,90.293,24.158
06/20/23 03:30:00  PM,90.346,24.641
06/20/23 04:00:00  PM,90.342,19.662
06/20/23 04:30:00  PM,90.374,22.238
06/20/23 05:00:00  PM,90.277,25.416
06/20/23 05:30:00  PM,90.237,23.869
06/20/23 06:00:00  PM,90.257,22.142
06/20/23 06:30:00  PM,90.264,21.473
06/20/23 07:00:00  PM,90.174,18.711
06/20/23 07:30:00  PM,90.308,17.094
06/20/23 08:00:00  PM,90.184,17.665
06/20/23 08:30:00  PM,90.321,15.664
06/20/23 09:00:00  PM,90.334,14.23
06/20/23 09:30:00  PM,90.228,12.594
06/20/23 10:00:00  PM,90.355,11.528
06/20/23 10:30:00  PM,90.363,10.357
06/20/23 11:00:00  PM,90.369,9.571
06/20/23 11:30:00  PM,90.318,8.282
06/21/23 12:00:00  AM,90.322,7.582
06/21/23 12:30:00  AM,90.321,7.782
06/21/23 01:00:00  AM,90.323,7.381
06/21/23 01:30:00  AM,90.326,6.877
06/21/23 02:00:00  AM,90.27,6.268
06/21/23 02:30:00  AM,90.273,5.655
06/21/23 03:00:00  AM,90.334,5.347
06/21/23 03:30:00  AM,90.33,6.166
06/21/23 04:00:00  AM,90.333,5.655
06/21/23 04:30:00  AM,90.274,5.45
06/21/23 05:00:00  AM,90.275,5.244
06/21/23 05:30:00  AM,90.335,5.141
06/21/23 06:00:00  AM,90.336,5.037
06/21/23 06:30:00  AM,90.394,5.141
06/21/23 07:00:00  AM,90.394,5.244
06/21/23 07:30:00  AM,90.334,5.45
06/21/23 08:00:00  AM,90.274,5.552
06/21/23 08:30:00  AM,90.33,6.166
06/21/23 09:00:00  AM,90.327,6.674
06/21/23 09:30:00  AM,90.324,7.28
06/21/23 10:00:00  AM,90.322,7.481
06/21/23 10:30:00  AM,90.316,8.581
06/21/23 11:00:00  AM,90.373,8.879
06/21/23 11:30:00  AM,90.314,8.879
06/21/23 12:00:00  PM,90.365,10.063
06/21/23 12:30:00  PM,90.353,11.819
06/21/23 01:00:00  PM,90.353,11.819
06/21/23 01:30:00  PM,90.294,11.722
06/21/23 02:00:00  PM,90.388,20.996
06/21/23 02:30:00  PM,90.359,23.581
06/21/23 03:00:00  PM,90.319,21.855
06/21/23 03:30:00  PM,90.248,22.908
06/21/23 04:00:00  PM,90.268,26.195
06/21/23 04:30:00  PM,90.233,24.158
06/21/23 05:00:00  PM,90.157,20.424
06/21/23 05:30:00  PM,90.236,18.426
06/21/23 06:00:00  PM,90.228,19.282
06/21/23 06:30:00  PM,90.213,20.71
06/21/23 07:00:00  PM,90.231,18.996
06/21/23 07:30:00  PM,90.257,16.237
06/21/23 08:00:00  PM,90.199,16.046
06/21/23 08:30:00  PM,90.213,14.517
06/21/23 09:00:00  PM,90.157,14.134
06/21/23 09:30:00  PM,90.225,13.076
06/21/23 10:00:00  PM,90.231,12.304
06/21/23 10:30:00  PM,90.235,11.722
06/21/23 11:00:00  PM,90.239,11.139
06/21/23 11:30:00  PM,90.185,10.455
06/22/23 12:00:00  AM,90.188,9.965
06/22/23 12:30:00  AM,90.192,9.472
06/22/23 01:00:00  AM,90.195,8.879
06/22/23 01:30:00  AM,90.255,8.779
06/22/23 02:00:00  AM,90.257,8.481
06/22/23 02:30:00  AM,90.26,8.082
06/22/23 03:00:00  AM,90.263,7.481
06/22/23 03:30:00  AM,90.264,7.28
06/22/23 04:00:00  AM,90.267,6.877
06/22/23 04:30:00  AM,90.211,6.268
06/22/23 05:00:00  AM,90.272,5.86
06/22/23 05:30:00  AM,90.334,5.45
06/22/23 06:00:00  AM,90.275,5.347
06/22/23 06:30:00  AM,90.275,5.347
06/22/23 07:00:00  AM,90.274,5.45
06/22/23 07:30:00  AM,90.214,5.655
06/22/23 08:00:00  AM,90.331,5.86
06/22/23 08:30:00  AM,90.211,6.268
06/22/23 09:00:00  AM,90.321,7.682
06/22/23 09:30:00  AM,90.314,8.779
06/22/23 10:00:00  AM,90.319,8.082
06/22/23 10:30:00  AM,90.325,7.079
06/22/23 11:00:00  AM,90.326,6.775
06/22/23 11:30:00  AM,90.267,6.877
06/22/23 12:00:00  PM,90.325,7.079
06/22/23 12:30:00  PM,90.266,7.079
06/22/23 01:00:00  PM,90.205,7.381
06/22/23 01:30:00  PM,90.322,15.569
06/22/23 02:00:00  PM,90.378,21.855
06/22/23 02:30:00  PM,90.25,22.717
06/22/23 03:00:00  PM,90.248,22.908
06/22/23 03:30:00  PM,90.159,25.416
06/22/23 04:00:00  PM,90.035,25.805
06/22/23 04:30:00  PM,90.173,24.255
06/22/23 05:00:00  PM,90.111,24.448
06/22/23 05:30:00  PM,90.118,23.869
06/22/23 06:00:00  PM,90.006,23.292
06/22/23 06:30:00  PM,90.073,22.621
06/22/23 07:00:00  PM,90.086,21.473
06/22/23 07:30:00  PM,89.923,20.043
06/22/23 08:00:00  PM,90,18.331
06/22/23 08:30:00  PM,90.062,18.045
06/22/23 09:00:00  PM,90.144,15.569
06/22/23 09:30:00  PM,90.111,12.497
06/22/23 10:00:00  PM,90.121,11.139
06/22/23 10:30:00  PM,90.127,10.259
06/22/23 11:00:00  PM,90.133,9.373
06/22/23 11:30:00  PM,90.137,8.779
